customer_id,customer_loyalty_status,customer_purchase_frequency,item_price,discount_given,item_category,no_of_opens,no_of_clicks,replies,preferred_channel,preferred_time,email_consent,sms_consent,whatsapp_consent,message_opened,message_clicked,message_failed,delivery_status,send_date,send_time,send_timestamp,item,quantity ,payment_method
84905718-8e80-7580-b67d-ba0e0863f199,Enrolled,7.612178083,403,0.085063516,Personal care,1,1,1,S,morning,1,1,1,1,1,0,1,11-04-2025,09:39,11-04-2025 09:39,Hair-Oil,2,UPI
c5ae27fc-e002-33f5-186b-95b4414c7c27,Not Enrolled,2.884502168,538,0.099020624,Household,1,1,1,W,evening,1,1,1,1,1,0,1,01-05-2026,18:22,01-05-2026 18:22,Insect-Repellent,4,Cash
205f79b7-af48-93a6-84a4-02db547a494e,Not Enrolled,5.99403231,15448,2.310664467,Fashion,9,0,0,E,afternoon,1,1,0,1,0,0,1,12/16/2025,13:29,12-16-2025 13:29,Jeans,8,Card
b5fbef4f-7f55-5326-8f10-9d6a31b9f199,Not Enrolled,7.312067212,743,0.192560284,Snacks/Beverages,3,3,1,W,night,1,1,1,1,1,0,1,11-05-2025,19:52,11-05-2025 19:52,Chocolates,2,UPI
b6c10581-a627-1f14-d285-7d9d4e2c920a,Enrolled,9.160571445,1598,0.38380184,Personal care,7,4,1,W,evening,1,0,1,1,1,0,1,01-11-2026,16:05,01-11-2026 16:05,Hair-Oil,9,Card
2bd4b1e8-73de-c473-dd39-28e6550793b3,Enrolled,7.862395759,1594,0.168977863,Personal care,6,6,0,W,evening,1,0,1,1,1,0,1,12-11-2025,18:28,12-11-2025 18:28,Toothpaste,12,Card
71a6784c-0217-849f-066c-e7b097f0a898,Not Enrolled,2.855498896,1140,0.333902321,Fashion,6,6,1,W,night,1,0,1,1,1,0,1,11-06-2025,21:19,11-06-2025 21:19,Undergarments,9,UPI
635c6712-9879-abe3-624b-de13e8171c7a,Enrolled,8.878926787,8157,2.329396037,Snacks/Beverages,5,1,1,E,morning,1,1,1,1,1,0,1,12/22/2025,10:27,12-22-2025 10:27,Chocolates,14,UPI
9058fae4-d280-7aeb-3c6d-6c69326e431c,Enrolled,5.32800932,74549.91,23.99599827,Fashion,8,5,0,W,morning,1,1,1,1,1,0,1,12/30/2025,08:17,12-30-2025 08:17,Ethnic-Wear/Suit,12,Card
3380f8d6-34d1-4a36-fea4-b8d6a1284a7f,Enrolled,5.32799726,624,0.145438924,Snacks/Beverages,10,7,1,W,evening,1,0,1,1,1,0,1,12/24/2025,17:12,12-24-2025 17:12,Chips/Biscuits,15,Cash
5b381abe-bc16-ef99-efb7-46f0dee581f8,Enrolled,10.55808361,286,0.05033429,Personal care,9,4,0,W,afternoon,1,1,1,1,1,0,1,1/18/2026,13:26,01-18-2026 13:26,Hair-Oil,1,UPI
bd220763-1252-ca36-5624-e6f4b09d078b,Not Enrolled,2.963211922,507,0.078612595,Snacks/Beverages,10,2,1,W,evening,1,1,1,1,1,0,1,01-05-2026,15:16,01-05-2026 15:16,Ready-to-Eat-Meal,2,Cash
93fd2d2e-5f76-ba82-f6f7-37305141fce4,Enrolled,3.409852844,1707,0.520247383,Fashion,3,3,1,W,evening,1,0,1,1,1,0,1,11/18/2025,15:49,11-18-2025 15:49,Undergarments,7,UPI
6f4eb299-1a73-b305-f1fc-19201b89da6c,Not Enrolled,0.974076862,1501,0.429187278,Personal care,6,0,0,E,afternoon,1,1,1,1,0,0,1,12-08-2025,14:15,12-08-2025 14:15,Hair-Oil,6,Cash
3fabe27a-e976-852a-276a-b860bd98b0f1,Enrolled,8.880892009,742,0.05335902,Snacks/Beverages,1,1,0,W,morning,0,0,1,1,1,0,1,12/15/2025,08:23,12-15-2025 08:23,Sauce/Chutney,4,UPI
56ef59bf-91cc-c0ce-fe4b-7b31a3ea83a9,Not Enrolled,7.757612593,45010,3.335141625,Fashion,5,2,0,W,afternoon,1,0,1,1,1,0,1,12/18/2025,13:29,12-18-2025 13:29,Ethnic-Wear/Suit,6,Card
d055a221-d00e-365e-b961-a78ce640590b,Enrolled,11.20807258,1788,0.28918866,Snacks/Beverages,9,3,1,W,afternoon,1,1,1,1,1,0,1,11/21/2025,13:10,11-21-2025 13:10,Sauce/Chutney,10,Cash
2729fac6-d995-bc13-9d53-619e53f78c7d,Enrolled,9.468526045,51272,14.58186946,Fashion,6,6,1,W,morning,1,1,1,1,1,0,1,1/19/2026,10:53,01-19-2026 10:53,Ethnic-Wear/Suit,13,Card
f4dea013-998d-ec10-d1eb-da6bc9e34f6c,Not Enrolled,2.910745225,1132,0.353203656,Household,8,4,1,W,morning,1,1,1,1,1,0,1,11-05-2025,08:26,11-05-2025 08:26,Insect-Repellent,8,Card
f21fcb79-ab54-0e3d-895d-9b28a10fc0d8,Not Enrolled,2.807847345,334,0.028504049,Household,1,1,0,W,morning,0,1,1,1,1,0,1,11/13/2025,08:18,11-13-2025 08:18,Towels,2,Cash
6c2b4cef-98f3-1c56-9b85-923c242e60d4,Not Enrolled,8.36423266,4732,1.056985113,Household,1,1,1,W,morning,1,0,1,1,1,0,1,11-12-2025,09:41,11-12-2025 09:41,Towels,12,Card
954e52c2-c2bc-3b28-bc4d-88e409882a43,Enrolled,8.028936897,486,0.070660851,Household,1,1,1,W,evening,0,0,1,0,1,0,1,11/23/2025,17:05,11-23-2025 17:05,Detergent,4,Cash
6b878aec-b5fb-70f6-47f2-d14c691f6219,Enrolled,4.532977056,648,0.189700013,Snacks/Beverages,9,4,0,W,afternoon,1,1,1,1,1,0,1,11/26/2025,11:13,11-26-2025 11:13,Chocolates,9,Cash
d4d580eb-3b28-c240-3030-0793d4ecb960,Enrolled,2.142467822,14481,4.226507436,Fashion,3,3,1,W,evening,1,0,1,1,1,0,1,11/24/2025,18:29,11-24-2025 18:29,Shirt/T-Shirt,4,Cash
6620aab6-f415-fb2b-364e-842d9bd2c04d,Enrolled,3.20454749,342,0.079811638,Household,1,1,1,W,morning,1,1,1,0,1,0,1,12-07-2025,08:23,12-07-2025 08:23,Dishwasher,4,Card
dcca4e19-c956-d0df-cec0-75057fd472cd,Enrolled,7.478383157,2253,0.421502805,Fashion,8,0,0,E,evening,1,0,0,1,0,0,1,11-03-2025,18:15,11-03-2025 18:15,Undergarments,13,UPI
f01fc135-4a91-9516-8073-d4f36f9afb99,Not Enrolled,8.82842504,972,0.161221899,Personal care,3,3,1,W,morning,1,1,1,1,1,0,1,11-08-2025,08:08,11-08-2025 08:08,Soap,11,UPI
878e9a32-9e0b-f726-a2ef-a59514870d00,Not Enrolled,1.962022679,1300,0.173028386,Fashion,5,1,0,E,evening,1,0,1,1,1,0,1,11/30/2025,16:40,11-30-2025 16:40,Footwear,1,UPI
391f0f3f-2145-0195-0630-2808558325c6,Not Enrolled,5.920243391,1680,0.132544272,Fashion,6,6,1,W,afternoon,1,1,1,1,1,0,1,02-01-2026,14:39,02-01-2026 14:39,Undergarments,15,Card
b74f2604-317b-b914-2f08-767f3f9129dd,Not Enrolled,3.965296221,1435,0.408915571,Snacks/Beverages,10,9,0,W,evening,1,1,1,1,1,0,1,01-07-2026,16:58,01-07-2026 16:58,Soft-Drink,13,UPI
5cf6ff8a-2c6e-a917-b003-69093c83db6f,Enrolled,4.321696897,1381,0.374493422,Household,4,0,0,E,morning,1,1,0,1,0,0,1,11-05-2025,09:20,11-05-2025 09:20,Air-Freshner,13,Card
fa5fe79b-7d46-90cb-9579-ad65a83976b9,Enrolled,3.307426929,1438,0.459442874,Snacks/Beverages,0,0,0,S,evening,0,0,1,1,0,0,1,12/18/2025,18:46,12-18-2025 18:46,Chocolates,7,Card
f8d6694b-3822-dc08-77a5-107f65415a9c,Not Enrolled,1.90226848,30666,10.24246904,Fashion,3,3,0,W,night,1,0,1,1,1,0,1,02-01-2026,19:19,02-01-2026 19:19,Footwear,14,UPI
ec1317c2-234b-1075-379a-38e3c0d5eca2,Not Enrolled,7.601213036,580,0.110539893,Personal care,5,5,1,W,afternoon,1,1,1,1,1,0,1,12-06-2025,12:59,12-06-2025 12:59,Hair-Oil,2,Card
13368755-2018-876a-1c5e-94811ca636fa,Enrolled,10.93194502,2252,0.597347277,Personal care,8,6,0,W,afternoon,1,1,1,1,1,0,1,12-10-2025,13:18,12-10-2025 13:18,Shampoo,8,Cash
0d329f72-6417-f71b-3923-c186caa07779,Enrolled,3.237368742,6925,2.19960318,Fashion,8,7,1,W,afternoon,1,0,1,1,1,0,1,12-02-2025,14:01,12-02-2025 14:01,Footwear,8,UPI
9df24836-7ccf-f1f3-a7ac-59b5a3e8e0da,Not Enrolled,1.959659036,403,0.098653924,Personal care,3,1,1,E,evening,1,1,1,1,1,0,1,12-12-2025,15:28,12-12-2025 15:28,Soap,7,UPI
12d1222e-8b11-a077-b759-70382fae6e75,Enrolled,4.444741158,1651,0.211289947,Snacks/Beverages,10,3,0,W,afternoon,1,1,1,1,1,0,1,1/28/2026,13:11,01-28-2026 13:11,Sauce/Chutney,5,Cash
e893df94-3e99-e0ca-a3b2-fb2aa3a4d750,Enrolled,2.127898772,1204,0.213527622,Household,5,5,0,W,evening,1,1,1,1,1,0,1,1/24/2026,16:23,01-24-2026 16:23,Air-Freshner,7,Cash
67faa455-14f9-572d-12ba-1f9aa629204c,Enrolled,10.79214465,1769,0.173093496,Household,10,3,0,W,evening,1,1,1,1,1,0,1,01-11-2026,18:27,01-11-2026 18:27,Detergent,13,Cash
4c9c38ff-9464-824e-eade-906902c2281c,Not Enrolled,2.894989179,26277,8.473539692,Fashion,7,0,0,E,afternoon,1,1,1,1,0,0,1,11-03-2025,12:16,11-03-2025 12:16,Shirt/T-Shirt,9,UPI
fa9ad587-d142-80cd-cb08-a7948592ea15,Not Enrolled,2.910590063,304,0.054050464,Household,5,5,1,W,afternoon,1,1,1,1,1,0,1,12/15/2025,13:53,12-15-2025 13:53,Insect-Repellent,2,Cash
0042814a-3be9-4932-9274-9efade8604d9,Not Enrolled,4.897896335,1948,0.241515977,Personal care,5,4,1,W,afternoon,1,0,1,1,1,0,1,11/23/2025,14:54,11-23-2025 14:54,Shampoo,8,Cash
f8b612de-0f26-730d-e264-ccc920d05ee3,Not Enrolled,0.989000534,1399,0.329199102,Personal care,6,5,1,W,night,1,0,1,1,1,0,1,1/22/2026,21:21,01-22-2026 21:21,Hair-Oil,7,Card
5fc45d8c-04d6-25d1-52ef-aa8fac427a72,Enrolled,8.693089475,3511,0.802401637,Personal care,6,6,0,W,evening,1,0,1,1,1,0,1,12/14/2025,16:53,12-14-2025 16:53,Conditioner,15,UPI
858b918b-a729-52b1-7ef6-8e339ed44ee7,Enrolled,4.382427994,884,0.133111361,Household,9,5,0,W,morning,1,1,1,1,1,0,1,11/29/2025,10:50,11-29-2025 10:50,Insect-Repellent,13,Cash
a9152fb0-ef3b-1f1b-7649-8287409812cb,Enrolled,2.257035192,2582,0.245339472,Personal care,1,1,0,W,afternoon,0,1,1,1,1,0,1,11/19/2025,13:19,11-19-2025 13:19,Toothpaste,14,UPI
683d27cd-a331-97ef-c97b-b733009e2577,Not Enrolled,1.867599031,204,0.033432559,Snacks/Beverages,1,1,1,W,morning,0,1,1,0,1,0,1,12/13/2025,10:19,12-13-2025 10:19,Chips/Biscuits,10,Card
9df24836-7ccf-f1f3-a7ac-59b5a3e8e0da,Not Enrolled,4.687791476,960,0.184321129,Household,2,2,0,W,morning,1,0,1,1,1,0,1,12/27/2025,08:23,12-27-2025 08:23,Towels,6,Cash
f19d6648-5b8f-4e7c-acf6-98057282ce5b,Not Enrolled,9.09398194,1217,0.315173961,Fashion,1,1,0,W,afternoon,1,1,1,0,1,0,1,12-08-2025,14:58,12-08-2025 14:58,Undergarments,11,UPI
6b878aec-b5fb-70f6-47f2-d14c691f6219,Enrolled,3.209902135,4546,0.925900175,Fashion,1,1,0,W,evening,0,1,1,1,1,0,1,12-02-2025,17:58,12-02-2025 17:58,Jeans,7,Card
fdb75a37-7027-ea8f-93be-e16cd54f743d,Enrolled,2.202846888,3632,1.054546093,Snacks/Beverages,8,3,1,W,afternoon,1,0,1,1,1,0,1,12/19/2025,11:26,12-19-2025 11:26,Ready-to-Eat-Meal,15,Card
5e1da1f6-6bb2-cf4b-f657-b6cad2241b00,Not Enrolled,6.704796099,3961,0.838093256,Fashion,5,5,1,W,afternoon,1,1,1,1,1,0,1,12/17/2025,14:47,12-17-2025 14:47,Jeans,3,Cash
3de31cf6-e9db-54aa-65ec-6ca448acd7e1,Enrolled,7.764690198,5236,1.125172065,Personal care,3,3,1,W,evening,1,0,1,1,1,0,1,12/14/2025,15:31,12-14-2025 15:31,Conditioner,14,Cash
78257d8c-abdf-1127-90a5-8a0e6bb27090,Enrolled,5.273225206,6624,1.983143631,Fashion,10,4,1,W,morning,1,1,1,1,1,0,1,12/23/2025,08:07,12-23-2025 08:07,Footwear,5,Cash
1091df5f-8bb7-1d71-263b-36c7c5cf8ec0,Not Enrolled,5.421565364,2319,0.394839382,Snacks/Beverages,5,5,1,W,evening,1,0,1,1,1,0,1,1/18/2026,18:29,01-18-2026 18:29,Ready-to-Eat-Meal,11,UPI
c511f9f1-3da4-d031-f8d3-b27da3ab13f5,Not Enrolled,1.893119604,2860,0.287811592,Personal care,3,3,0,W,afternoon,1,0,1,1,1,0,1,11/22/2025,14:43,11-22-2025 14:43,Shampoo,15,UPI
ff9fb344-032e-7fbd-9091-66c36edef7a6,Enrolled,5.553772426,195,0.009439855,Fashion,6,1,0,E,evening,1,0,1,1,1,0,1,11/17/2025,15:20,11-17-2025 15:20,Undergarments,1,Card
9884835f-df39-7899-697b-4ad08a5ecfa8,Enrolled,5.335262062,1237,0.315275217,Household,2,2,1,W,evening,1,0,1,1,1,0,1,12/22/2025,18:28,12-22-2025 18:28,Dishwasher,13,Cash
6620aab6-f415-fb2b-364e-842d9bd2c04d,Enrolled,5.282525796,253,0.043024118,Snacks/Beverages,8,8,0,W,afternoon,1,1,1,1,1,0,1,12-12-2025,12:23,12-12-2025 12:23,Soft-Drink,4,Card
36a07fd2-668a-9131-6713-1e59fbb06222,Enrolled,11.44888554,2298,0.571082269,Snacks/Beverages,2,2,1,W,morning,1,0,1,1,1,0,1,12-03-2025,10:45,12-03-2025 10:45,Chocolates,7,Cash
519637ef-9123-7df8-e788-0e7cfe12ef68,Not Enrolled,1.908528927,35443,4.397615055,Fashion,6,6,0,W,afternoon,1,0,1,0,0,1,0,1/31/2026,11:53,01-31-2026 11:53,Jeans,13,Card
df1e2c65-aa6d-691a-8104-3ad9061784bf,Not Enrolled,6.500578876,25636,2.652595112,Fashion,3,3,1,W,afternoon,1,1,1,1,1,0,1,11/29/2025,13:03,11-29-2025 13:03,Footwear,14,Cash
c8403a13-d14c-4bde-5f8f-02f75786ed6f,Not Enrolled,8.631749935,253,0.013077877,Household,3,3,0,W,morning,1,0,1,1,1,0,1,1/28/2026,10:51,01-28-2026 10:51,Dishwasher,4,Card
7de71ad5-b126-9ce2-5593-f62a02e4105a,Enrolled,3.43968961,13199,2.117526254,Fashion,3,3,1,W,evening,1,1,1,1,1,0,1,01-12-2026,17:23,01-12-2026 17:23,Jeans,4,Cash
0823cbfa-bed3-c330-4c33-2017b5544f26,Enrolled,10.17755761,283,0.048287846,Snacks/Beverages,2,2,1,W,afternoon,1,1,1,1,1,0,1,11-12-2025,14:44,11-12-2025 14:44,Chips/Biscuits,5,Cash
519637ef-9123-7df8-e788-0e7cfe12ef68,Not Enrolled,2.709150075,15132,2.597759154,Fashion,1,1,0,W,evening,1,1,1,1,1,0,1,11-08-2025,16:43,11-08-2025 16:43,Jeans,13,Cash
79e0b1ec-e263-1625-c8f5-77ad7e5187ef,Not Enrolled,6.326143732,168,0.018294264,Snacks/Beverages,5,2,1,W,afternoon,1,1,1,0,0,1,0,11-11-2025,11:39,11-11-2025 11:39,Soft-Drink,2,Card
07344280-54af-f47e-924f-13f99254a261,Not Enrolled,3.929040224,3152,0.95551515,Fashion,5,5,0,W,evening,1,1,1,1,1,0,1,01-01-2026,18:32,01-01-2026 18:32,Undergarments,9,UPI
98e24f19-9534-56ee-a908-233d311d3c4c,Not Enrolled,8.424171577,1368,0.208695794,Household,3,3,1,W,evening,1,0,1,1,1,0,1,1/31/2026,18:58,01-31-2026 18:58,Dishwasher,15,Card
3d059bf1-1770-643f-fafc-5f32c24f70cf,Not Enrolled,0.912706051,1028,0.196759501,Fashion,7,2,0,W,evening,1,1,1,1,1,0,1,11/13/2025,17:57,11-13-2025 17:57,Undergarments,4,Card
6f4eb299-1a73-b305-f1fc-19201b89da6c,Not Enrolled,4.76112163,1116,0.290634638,Personal care,6,6,0,W,night,1,1,1,1,1,0,1,12-05-2025,19:58,12-05-2025 19:58,Shampoo,3,UPI
ba50e18c-4197-b614-f8b9-391b5b68dbfa,Enrolled,2.160922754,39435,6.834458293,Fashion,5,5,1,W,afternoon,1,1,1,1,1,0,1,01-11-2026,11:35,01-11-2026 11:35,Jeans,15,Cash
e6761d35-7ef1-afa7-1076-a8f1210a3433,Enrolled,8.478137691,1155,0.25433956,Snacks/Beverages,1,1,1,W,afternoon,0,1,1,1,1,0,1,11-04-2025,11:44,11-04-2025 11:44,Sauce/Chutney,3,Cash
12d33690-510e-941d-a611-4b7bc6849fc8,Enrolled,5.592116513,3308,0.967510319,Personal care,5,1,1,E,morning,1,1,1,1,1,0,1,01-04-2026,08:19,01-04-2026 08:19,Hair-Oil,15,UPI
7b52e674-be44-3368-67fa-180bc6c34ec7,Enrolled,4.376060997,1206,0.366261118,Personal care,7,7,1,W,evening,1,1,1,1,1,0,1,1/24/2026,15:50,01-24-2026 15:50,Hair-Oil,5,Card
cb45f15a-1002-f73f-164e-5e1021773da3,Not Enrolled,1.953998711,762,0.073901154,Snacks/Beverages,2,2,0,W,evening,1,0,1,1,1,0,1,12-02-2025,16:52,12-02-2025 16:52,Chips/Biscuits,15,UPI
527d05d7-0f23-72b0-5474-093fcfa8a23e,Enrolled,9.559834411,408,0.107136266,Household,10,2,1,W,afternoon,1,1,1,1,1,0,1,12/22/2025,12:45,12-22-2025 12:45,Dishwasher,4,Cash
f3c93086-c58f-c62c-b5d2-629d3593cb7e,Enrolled,3.298553073,760,0.13772009,Personal care,1,1,0,S,evening,0,1,1,0,1,0,1,12/17/2025,18:26,12-17-2025 18:26,Shampoo,2,UPI
39e7e785-3304-3324-9a4a-a860e3fdddf6,Not Enrolled,5.529492616,1619,0.211551811,Snacks/Beverages,7,2,0,W,evening,1,0,1,1,1,0,1,01-04-2026,18:16,01-04-2026 18:16,Chocolates,15,Card
2a2d2d09-df89-911c-8422-e89ddd740565,Enrolled,9.480949669,74549.91,14.18271512,Fashion,10,9,1,W,morning,1,1,1,1,1,0,1,01-08-2026,09:30,01-08-2026 09:30,Ethnic-Wear/Suit,12,Cash
f01fc135-4a91-9516-8073-d4f36f9afb99,Not Enrolled,4.811445238,5424,1.768758894,Fashion,8,8,1,W,afternoon,1,1,1,1,1,0,1,1/13/2026,12:42,01-13-2026 12:42,Shirt/T-Shirt,4,UPI
8cf4d0e0-d673-5473-3092-86ad481e3a9f,Not Enrolled,6.359743225,120,0.010189922,Snacks/Beverages,3,3,0,W,afternoon,1,1,1,1,1,0,1,11/13/2025,14:49,11-13-2025 14:49,Chips/Biscuits,3,Cash
1a00ba32-6daf-4660-271e-70b3167c6817,Enrolled,2.28186408,1090,0.158688307,Household,1,1,0,W,afternoon,0,1,1,1,1,0,1,11/14/2025,12:34,11-14-2025 12:34,Towels,7,Card
683d27cd-a331-97ef-c97b-b733009e2577,Not Enrolled,1.810336344,18048,4.264913244,Fashion,1,1,0,W,evening,1,1,1,1,1,0,1,1/21/2026,15:36,01-21-2026 15:36,Shirt/T-Shirt,5,Cash
7d5206c7-404b-a765-f912-1e79f197943e,Not Enrolled,6.671948242,686,0.081220397,Personal care,3,3,0,W,afternoon,1,1,1,1,1,0,1,11/18/2025,14:30,11-18-2025 14:30,Soap,7,Cash
b17bddd5-2f3b-7137-c48b-352f408562e3,Not Enrolled,9.540635122,18144,1.581614493,Fashion,6,1,0,E,morning,1,0,1,1,1,0,1,11/26/2025,08:56,11-26-2025 08:56,Footwear,8,Card
30ab63b9-ee55-956c-8be3-4f800f8901dd,Enrolled,5.379389991,504,0.044266469,Snacks/Beverages,3,3,0,W,evening,1,1,1,0,0,1,0,1/21/2026,15:59,01-21-2026 15:59,Soft-Drink,5,Cash
047f909c-ff3a-915b-2f8f-4ab260484966,Enrolled,2.232504457,5822,0.584024174,Fashion,1,1,0,W,morning,0,1,1,1,1,0,1,12/18/2025,08:35,12-18-2025 08:35,Footwear,10,Card
ca3db4f1-1576-6e20-3332-a6e4b923a238,Enrolled,4.32468443,41724,4.495453778,Fashion,9,1,1,E,morning,1,1,1,1,1,0,1,12/27/2025,10:38,12-27-2025 10:38,Ethnic-Wear/Suit,8,Card
4b97e780-7f9e-966e-56bc-3a0476e7559d,Not Enrolled,2.89122897,884,0.085104385,Snacks/Beverages,5,5,0,W,morning,1,1,1,1,1,0,1,01-10-2026,08:17,01-10-2026 08:17,Chips/Biscuits,7,Cash
d5dee6ad-cca3-74e4-2933-554c084a2794,,6.808263934,1001,0.22297881,Fashion,4,4,1,W,afternoon,1,1,1,0,0,1,0,1/22/2026,11:32,01-22-2026 11:32,Undergarments,4,UPI
405f38dd-23ac-4ba0-2eb1-166b385c7ffb,Enrolled,9.918061219,518,0.052082362,Personal care,5,5,1,W,afternoon,1,1,1,1,1,0,1,11-07-2025,13:43,11-07-2025 13:43,Soap,9,Card
e2bcfb23-ed91-fcb2-b933-dc3cb487ed09,Enrolled,4.418684112,1023,0.15260968,Snacks/Beverages,5,5,1,W,morning,1,1,1,1,1,0,1,12/26/2025,10:46,12-26-2025 10:46,Chips/Biscuits,10,UPI
2951b216-42e6-7b1b-0768-0c76a4279200,Enrolled,3.205456337,10672,3.265130854,Fashion,9,0,0,E,night,1,1,1,1,0,0,1,1/21/2026,19:09,01-21-2026 19:09,Shirt/T-Shirt,9,Card
245898b3-9c7c-b181-32b9-0bc5694b1ca5,Enrolled,10.32262616,2194,0.413122991,Snacks/Beverages,4,4,1,W,night,1,1,1,1,1,0,1,01-10-2026,19:21,01-10-2026 19:21,Sauce/Chutney,6,Cash
a9947537-c9d3-f586-7a0e-5740825994c4,Enrolled,10.14761954,1467,0.344473705,Household,8,8,1,W,afternoon,1,1,1,1,1,0,1,12/18/2025,13:10,12-18-2025 13:10,Air-Freshner,7,Cash
9b1b298a-1f84-8e4c-74a0-45373979d9dc,Not Enrolled,0.997585208,1487,0.160817317,Household,1,1,1,W,evening,0,0,1,1,1,0,1,12-03-2025,15:16,12-03-2025 15:16,Air-Freshner,13,Card
7604c13b-d3e4-7b51-9fa3-9eb66c7cdb75,Enrolled,8.007649259,7013,0.824720066,Snacks/Beverages,1,1,1,W,afternoon,0,0,1,1,1,0,1,11-03-2025,13:15,11-03-2025 13:15,Chocolates,10,Cash
b28b39fe-fcda-88e2-0834-a2d512150fec,Enrolled,9.11586188,1263,0.09326571,Fashion,5,0,0,E,evening,1,1,0,1,0,0,1,01-03-2026,17:08,01-03-2026 17:08,Undergarments,13,UPI
000f37c4-30f6-5a19-a0e2-52a63088b0d7,Not Enrolled,5.709780209,191,0.013735574,Fashion,9,0,0,E,afternoon,1,1,0,1,0,0,1,11/14/2025,12:56,11-14-2025 12:56,Undergarments,1,Cash
2c7e978a-896c-c60e-1609-9b61e4f2537b,Enrolled,6.658739987,2585,0.357134296,Household,7,7,0,W,night,1,1,1,1,1,0,1,11/19/2025,20:08,11-19-2025 20:08,Air-Freshner,12,Cash
f643d9a4-afe3-555b-63b8-746b82889055,Not Enrolled,2.796886942,1427,0.155723704,Household,6,0,0,E,afternoon,1,1,0,1,0,0,1,1/31/2026,14:31,01-31-2026 14:31,Insect-Repellent,10,Card
3adfd155-600d-cb59-161f-8e6a50e7549c,Not Enrolled,4.897593097,2896,0.257124852,Fashion,6,0,0,E,evening,1,1,0,1,0,0,1,12/23/2025,18:48,12-23-2025 18:48,Footwear,1,Cash
505e6ca8-a1f4-f43c-fa2a-f02ce415a609,Not Enrolled,6.489582576,27365,2.716642484,Fashion,6,0,0,E,afternoon,1,1,1,1,0,0,1,12-07-2025,12:00,12-07-2025 12:00,Jeans,15,UPI
41e07f18-0c7e-d662-ca6d-860cc8a9e098,Enrolled,4.568749694,1802,0.330782486,Household,6,6,0,W,night,1,1,1,1,1,0,1,01-05-2026,21:56,01-05-2026 21:56,Detergent,12,Cash
dbb2f6da-3d92-7146-90e4-9b9620a83f2d,Not Enrolled,8.495074279,71,0.000257328,Household,5,3,1,W,morning,1,1,1,1,1,0,1,1/24/2026,10:35,01-24-2026 10:35,Dishwasher,1,Card
f28de3ba-5329-6a26-7e22-2b1d1e0a98b4,Not Enrolled,6.354919467,2691,0.432506756,Personal care,5,1,1,E,afternoon,1,1,1,1,1,0,1,11-08-2025,13:03,11-08-2025 13:03,Conditioner,9,Card
ada3dbf5-e2df-cbc7-72ae-b0207d108687,Not Enrolled,3.610140297,1106,0.209816986,Household,1,1,1,W,evening,0,1,1,1,1,0,1,1/24/2026,18:31,01-24-2026 18:31,Detergent,8,UPI
21d70242-1e9f-f9d5-3fba-b44b462ea926,Enrolled,7.411944751,485,0.105073303,Personal care,3,3,1,W,evening,1,1,1,1,1,0,1,11-03-2025,15:06,11-03-2025 15:06,Toothpaste,4,UPI
97964276-7556-33b4-5205-38d473053863,Not Enrolled,5.977589049,1348,0.09937007,Household,5,2,0,W,morning,1,1,1,1,1,0,1,01-06-2026,10:07,01-06-2026 10:07,Detergent,13,Card
c44337fe-35bd-08bc-7963-7ba6661ed655,Not Enrolled,7.868784096,558,0.13782483,Household,10,0,0,E,morning,1,1,1,1,0,0,1,11/21/2025,08:16,11-21-2025 08:16,Dishwasher,5,Cash
e8c8dccd-7cd8-8e1c-b380-908887739c0c,Not Enrolled,0.969597421,28437,6.687440474,Fashion,7,5,1,W,afternoon,1,1,1,1,1,0,1,11-12-2025,13:21,11-12-2025 13:21,Footwear,12,UPI
050a1d85-7eeb-c472-7691-90b9b68841e2,Not Enrolled,4.704476472,1315,0.111009485,Snacks/Beverages,4,4,1,W,afternoon,1,1,1,1,1,0,1,11-10-2025,13:31,11-10-2025 13:31,Chocolates,7,Cash
db03788c-058f-5cdb-b40e-5a9ad086e722,Enrolled,2.139196572,5855,1.745717003,Fashion,6,6,1,W,morning,1,0,1,1,1,0,1,11/28/2025,08:49,11-28-2025 08:49,Ethnic-Wear/Suit,1,Card
d9673b5e-4146-7e02-e5f0-a48aea0e2ea4,Not Enrolled,4.58664716,1224,0.363173032,Snacks/Beverages,10,7,1,W,morning,1,0,1,1,1,0,1,11/17/2025,08:38,11-17-2025 08:38,Sauce/Chutney,6,UPI
5bfa449e-5df5-7489-42d6-149aba3d84e0,Not Enrolled,1.831287409,329,0.021726713,Household,1,0,0,S,morning,0,1,0,1,0,0,1,01-07-2026,09:42,01-07-2026 09:42,Towels,6,Card
64492782-2ea3-fa03-80ef-57da5ad34a5e,Enrolled,2.109045458,60158,8.501389465,Fashion,3,3,0,W,evening,1,0,1,1,1,0,1,1/16/2026,18:52,01-16-2026 18:52,Ethnic-Wear/Suit,15,Card
e1ad3b28-ae4d-7783-c40f-f1a514b9840d,Not Enrolled,9.250242898,2109,0.578605535,Household,7,4,0,W,evening,1,1,1,1,1,0,1,01-01-2026,15:17,01-01-2026 15:17,Towels,12,Card
d9673b5e-4146-7e02-e5f0-a48aea0e2ea4,Not Enrolled,6.684458665,4007,1.055637266,Personal care,3,3,1,W,morning,1,1,1,1,1,0,1,11/18/2025,09:55,11-18-2025 09:55,Shampoo,13,UPI
5b381abe-bc16-ef99-efb7-46f0dee581f8,Enrolled,8.660264265,182,0.013196472,Snacks/Beverages,8,6,1,W,morning,1,1,1,1,1,0,1,02-01-2026,10:39,02-01-2026 10:39,Sauce/Chutney,3,Cash
0ae9b466-ee90-1c72-6798-e4b3914a1e7e,Enrolled,5.444338645,463,0.048610933,Personal care,10,4,1,W,morning,1,0,1,0,0,1,0,12-09-2025,10:00,12-09-2025 10:00,Shampoo,1,Cash
9b826c24-b1e4-f33e-2f07-7e63319894ea,Enrolled,1.077134903,1432,0.227109037,Snacks/Beverages,1,1,0,W,evening,0,1,1,1,1,0,1,01-02-2026,17:17,01-02-2026 17:17,Sauce/Chutney,7,Card
374342d4-0102-0b41-a5c0-7673bd20694b,Enrolled,4.531495004,899,0.163726977,Personal care,1,1,1,W,morning,0,1,1,1,1,0,1,12-01-2025,09:52,12-01-2025 09:52,Soap,11,UPI
d9673b5e-4146-7e02-e5f0-a48aea0e2ea4,Not Enrolled,7.771676738,9558,2.212364293,Fashion,9,3,0,W,morning,1,0,1,1,1,0,1,11/28/2025,09:37,11-28-2025 09:37,Footwear,5,Card
56ef59bf-91cc-c0ce-fe4b-7b31a3ea83a9,Not Enrolled,0.966019738,1448,0.229197698,Household,7,7,0,W,evening,1,0,1,1,1,0,1,1/17/2026,16:59,01-17-2026 16:59,Air-Freshner,12,UPI
b74f2604-317b-b914-2f08-767f3f9129dd,Not Enrolled,5.567960338,148,0.015134461,Snacks/Beverages,4,0,0,E,afternoon,1,0,0,1,0,0,1,1/31/2026,12:37,01-31-2026 12:37,Soft-Drink,4,UPI
b927cefd-2d0b-c20f-fd42-a96a777c7e22,Enrolled,3.257025998,3204,0.839723075,Personal care,1,0,0,S,afternoon,0,1,0,0,0,1,0,1/13/2026,14:12,01-13-2026 14:12,Hair-Oil,15,Card
3cc271fa-f798-c249-ec77-4b576c40cea1,Enrolled,7.546654157,1372,0.100314666,Household,8,5,1,W,afternoon,1,0,1,1,1,0,1,12-05-2025,13:25,12-05-2025 13:25,Air-Freshner,13,Card
9b826c24-b1e4-f33e-2f07-7e63319894ea,Enrolled,5.521348042,561,0.066392553,Household,1,1,1,W,morning,0,1,1,1,1,0,1,1/20/2026,10:13,01-20-2026 10:13,Towels,4,Cash
fdc22ef8-041f-63fa-addd-96c8d9d7da80,Not Enrolled,5.972919168,665,0.154201101,Household,1,1,0,W,afternoon,0,0,1,1,1,0,1,11/18/2025,11:49,11-18-2025 11:49,Towels,12,UPI
c1b25e38-f807-e3fe-a6b6-7497b26a3fd1,Not Enrolled,3.895158767,428,0.110429162,Household,9,7,0,W,evening,1,1,1,1,1,0,1,12/29/2025,18:24,12-29-2025 18:24,Dishwasher,7,Card
7698ed20-946b-e9d2-9f17-9b4227671174,Enrolled,5.320462112,544,0.09717187,Snacks/Beverages,7,5,0,W,morning,1,1,1,1,1,0,1,1/20/2026,09:22,01-20-2026 09:22,Chips/Biscuits,8,Card
c8403a13-d14c-4bde-5f8f-02f75786ed6f,Not Enrolled,2.866306216,507,0.092008397,Household,3,3,1,W,afternoon,1,1,1,1,1,0,1,12-02-2025,13:37,12-02-2025 13:37,Dishwasher,6,Card
d3b2f02c-5759-7dec-1921-9d7c4635cbe2,Enrolled,6.781318188,1780,0.164110833,Personal care,6,6,0,W,evening,1,1,1,1,1,0,1,1/23/2026,16:09,01-23-2026 16:09,Hair-Oil,9,Card
000f37c4-30f6-5a19-a0e2-52a63088b0d7,Not Enrolled,0.961172075,3702,0.680379836,Personal care,3,0,0,E,morning,1,1,0,1,0,0,1,12-02-2025,08:17,12-02-2025 08:17,Shampoo,13,Cash
f19d6648-5b8f-4e7c-acf6-98057282ce5b,Not Enrolled,3.767840025,1830,0.370098974,Snacks/Beverages,6,2,0,W,afternoon,1,1,1,1,1,0,1,12-04-2025,11:42,12-04-2025 11:42,Sauce/Chutney,8,UPI
e1ad3b28-ae4d-7783-c40f-f1a514b9840d,Not Enrolled,9.24773099,242,0.02289084,Snacks/Beverages,3,3,1,W,afternoon,1,1,1,1,1,0,1,11-07-2025,14:11,11-07-2025 14:11,Sauce/Chutney,2,UPI
c4717a05-af5f-9da8-cc29-62be31a51a83,Enrolled,2.114910129,822,0.105004504,Household,10,5,1,W,afternoon,1,1,1,1,1,0,1,12-02-2025,14:30,12-02-2025 14:30,Insect-Repellent,7,Card
992f1fd7-2583-9af7-1fee-bcdfc2fa76dc,Not Enrolled,7.484778143,2762,0.45362945,Personal care,1,1,1,W,afternoon,1,1,1,1,1,0,1,1/14/2026,11:05,01-14-2026 11:05,Hair-Oil,13,UPI
3adfd155-600d-cb59-161f-8e6a50e7549c,Not Enrolled,8.782061499,559,0.035542454,Household,1,1,1,W,afternoon,0,0,1,0,0,1,0,12-01-2025,13:45,12-01-2025 13:45,Dishwasher,7,UPI
0ca67e33-6021-7719-8344-a68fdea68b80,Enrolled,5.743443468,2631,0.393583285,Household,3,3,0,W,evening,1,1,1,1,1,0,1,1/13/2026,15:32,01-13-2026 15:32,Air-Freshner,10,UPI
e9c5cd16-7c04-4816-dc40-ba32518eb9e4,Enrolled,11.27224477,2041,0.244363393,Personal care,4,0,0,E,morning,1,1,0,1,0,0,1,12/26/2025,08:43,12-26-2025 08:43,Shampoo,12,Card
e009df7b-7cfe-c98c-7613-c0b0edef316e,Not Enrolled,9.014393489,252,0.028393752,Snacks/Beverages,9,0,0,E,afternoon,1,1,1,1,0,0,1,11/18/2025,12:38,11-18-2025 12:38,Chips/Biscuits,6,UPI
24ed1ed4-8ac4-3974-c567-2d537a9617c8,Enrolled,1.069871568,2460,0.237413062,Snacks/Beverages,8,4,1,W,afternoon,1,1,1,1,1,0,1,12/31/2025,13:54,12-31-2025 13:54,Ready-to-Eat-Meal,15,Cash
63fe7004-bf94-f4d7-a782-5f64774b72b5,Not Enrolled,1.823214528,1834,0.540579324,Snacks/Beverages,1,1,1,W,evening,1,1,1,0,1,0,1,12/18/2025,16:56,12-18-2025 16:56,Ready-to-Eat-Meal,9,Cash
f6f32ee3-1df7-5fd4-adfd-c2badc2550cf,Enrolled,6.30331327,488,0.094936843,Snacks/Beverages,1,1,0,W,morning,1,0,1,0,1,0,1,1/23/2026,09:17,01-23-2026 09:17,Sauce/Chutney,12,Cash
ca3db4f1-1576-6e20-3332-a6e4b923a238,Enrolled,6.789276857,2683,0.652184059,Snacks/Beverages,10,10,1,W,afternoon,1,1,1,1,1,0,1,11/30/2025,11:50,11-30-2025 11:50,Sauce/Chutney,15,Cash
f4c6bcce-a133-6a3d-c6bb-b5a54bcc7fdb,Not Enrolled,5.427601585,894,0.230238604,Household,6,5,1,W,morning,1,1,1,1,1,0,1,12/21/2025,09:45,12-21-2025 09:45,Insect-Repellent,14,UPI
f188e981-a418-440a-484c-2fdafaa8ecfa,Enrolled,10.08617161,1776,0.34308495,Snacks/Beverages,7,2,0,W,afternoon,1,1,1,1,1,0,1,11/28/2025,13:02,11-28-2025 13:02,Chips/Biscuits,15,Card
f568a755-ff8a-6443-afb8-7b122c2055b5,Enrolled,3.36870215,2073,0.181313854,Household,10,4,1,W,evening,1,0,1,1,1,0,1,12/31/2025,15:57,12-31-2025 15:57,Air-Freshner,8,Cash
093c53c9-cd36-2a79-e5b7-c88956af29b5,Not Enrolled,3.616291521,1778,0.36123135,Snacks/Beverages,4,1,0,E,morning,1,0,1,1,1,0,1,12-09-2025,08:45,12-09-2025 08:45,Ready-to-Eat-Meal,8,UPI
9f4bab01-fc74-291f-2485-b5eaf7672850,Enrolled,10.14414331,4221,0.93302924,Fashion,5,4,0,W,afternoon,1,1,1,1,1,0,1,1/14/2026,14:26,01-14-2026 14:26,Footwear,5,Card
ffac44c8-3deb-a74a-8358-a6da451f912d,Not Enrolled,1.971092117,2551,0.663465847,Personal care,9,1,1,E,evening,1,1,1,1,1,0,1,02-01-2026,16:22,02-01-2026 16:22,Shampoo,7,Card
57f6e124-3233-69af-8634-800ac9a2e400,Enrolled,7.401831256,1647,0.288859383,Personal care,1,1,0,W,afternoon,0,1,1,1,1,0,1,1/26/2026,14:24,01-26-2026 14:24,Toothpaste,8,Card
2a23e96f-9206-0489-9f1c-b33afcbc927f,Enrolled,8.686772583,32912,3.329951525,Fashion,1,1,1,W,afternoon,0,0,1,1,1,0,1,11-09-2025,14:24,11-09-2025 14:24,Ethnic-Wear/Suit,4,Cash
3db83d49-dd48-4e48-e424-badcba0184c0,Enrolled,10.61586906,850,0.111956688,Household,4,0,0,E,evening,1,1,1,1,0,0,1,12/13/2025,15:08,12-13-2025 15:08,Insect-Repellent,5,UPI
9df24836-7ccf-f1f3-a7ac-59b5a3e8e0da,Not Enrolled,7.762926288,382,0.051544969,Personal care,5,5,0,W,morning,1,0,1,1,1,0,1,12/26/2025,09:19,12-26-2025 09:19,Soap,5,Card
56bc4d2c-8b74-8fd6-cdc6-6b6fb71ad3f8,Enrolled,6.817862056,1576,0.362572117,Household,7,7,1,W,morning,1,1,1,1,1,0,1,1/21/2026,10:33,01-21-2026 10:33,Air-Freshner,8,Card
e948dd5b-0aea-544d-9200-acab7ce3871d,Enrolled,10.01096831,1701,0.359713777,Personal care,2,2,1,W,afternoon,1,1,1,1,1,0,1,11/18/2025,11:13,11-18-2025 11:13,Toothpaste,8,Card
94bc2781-b1a8-fac3-d6f0-f22fd2c49f11,Enrolled,3.249269407,85,0.002620307,Household,3,3,0,W,afternoon,1,0,1,1,1,0,1,12/31/2025,14:01,12-31-2025 14:01,Insect-Repellent,1,Card
c0a6f4cd-e2f6-a274-c47f-bc667557734f,Not Enrolled,5.684504297,1404,0.443299979,Household,3,3,1,W,morning,1,1,1,1,1,0,1,01-01-2026,10:23,01-01-2026 10:23,Insect-Repellent,10,Card
5e187380-e66e-4a10-ef66-6148409e1c21,Enrolled,9.507202515,18928,4.333760484,Fashion,1,1,1,S,evening,0,1,1,0,1,0,1,1/13/2026,18:20,01-13-2026 18:20,Jeans,9,Cash
9df51ca7-d97a-0c44-ddc6-7c4e214f6238,Enrolled,7.567687625,3050,0.390024729,Fashion,9,9,1,W,morning,1,1,1,1,1,0,1,01-10-2026,10:00,01-10-2026 10:00,Undergarments,15,UPI
93fd2d2e-5f76-ba82-f6f7-37305141fce4,Enrolled,1.082518332,2414,0.221523601,Household,0,0,0,S,afternoon,1,0,0,0,0,0,1,11/14/2025,13:30,11-14-2025 13:30,Towels,8,Card
d5dee6ad-cca3-74e4-2933-554c084a2794,,6.368483912,204,0.014614804,Snacks/Beverages,1,1,1,W,afternoon,1,1,1,1,1,0,1,1/13/2026,13:09,01-13-2026 13:09,Ready-to-Eat-Meal,1,Cash
bd5cd4a3-64f9-d2e2-b4f6-38df0dd90c23,Enrolled,11.22960618,3427,0.447221553,Snacks/Beverages,6,5,0,W,evening,1,1,1,1,1,0,1,12/27/2025,18:57,12-27-2025 18:57,Ready-to-Eat-Meal,14,Card
21d70242-1e9f-f9d5-3fba-b44b462ea926,Enrolled,7.79629023,10519,1.152417621,Fashion,9,6,1,W,afternoon,1,1,1,1,1,0,1,12/14/2025,14:37,12-14-2025 14:37,Jeans,8,UPI
557714f9-bee6-2ac6-2629-b27a4baf7626,Enrolled,10.24849147,1599,0.179372219,Household,3,3,0,W,morning,1,0,1,1,1,0,1,1/16/2026,10:09,01-16-2026 10:09,Air-Freshner,13,Card
923a0777-48ec-5926-fc83-767bc96dbf31,Not Enrolled,8.542454288,3331,0.468719194,Personal care,5,5,1,W,evening,1,1,1,1,1,0,1,12-02-2025,17:56,12-02-2025 17:56,Conditioner,12,Card
c331b35b-cbb8-40d2-2c79-acd9cdb172a1,Enrolled,9.874993433,4032,0.450550253,Household,3,3,0,W,afternoon,1,0,1,1,1,0,1,11/14/2025,13:47,11-14-2025 13:47,Towels,13,Card
07344280-54af-f47e-924f-13f99254a261,Not Enrolled,7.578777417,1438,0.421593784,Household,7,5,1,W,morning,1,1,1,1,1,0,1,01-09-2026,08:05,01-09-2026 08:05,Insect-Repellent,12,Card
22769174-0763-67ec-834d-8a8d05e61a6e,Enrolled,2.123918849,1477,0.124864616,Fashion,9,9,0,W,evening,1,1,1,1,1,0,1,12/16/2025,15:30,12-16-2025 15:30,Undergarments,11,Card
aaf51e5a-a176-30e3-d9ea-600185d00a5c,Not Enrolled,2.751960561,6672,1.373283245,Fashion,6,6,1,W,evening,1,1,1,1,1,0,1,01-06-2026,18:12,01-06-2026 18:12,Footwear,10,Card
e9c5cd16-7c04-4816-dc40-ba32518eb9e4,Enrolled,6.727946872,2592,0.447428743,Snacks/Beverages,5,4,0,W,afternoon,1,1,1,1,1,0,1,11-12-2025,13:28,11-12-2025 13:28,Sauce/Chutney,15,UPI
ded94cd2-b9a6-7f15-9279-c0ef21554a97,Enrolled,7.882549534,409,0.112547337,Snacks/Beverages,7,7,1,W,afternoon,1,0,1,1,1,0,1,1/24/2026,11:04,01-24-2026 11:04,Soft-Drink,10,Card
80994888-c964-c9e4-67fa-d93879ddc844,Enrolled,11.0612772,752,0.066408545,Household,3,3,0,W,evening,1,0,1,1,1,0,1,11/20/2025,16:06,11-20-2025 16:06,Insect-Repellent,5,Cash
710a18cf-2bf7-e5f7-e234-583dee9ea2bf,Not Enrolled,1.88677033,354,0.04959751,Snacks/Beverages,3,0,0,E,night,1,1,0,1,0,0,1,11/18/2025,20:19,11-18-2025 20:19,Soft-Drink,3,Card
94cc8555-6457-fbb0-b697-e504ef94dd1f,Not Enrolled,2.81955142,2067,0.654293993,Fashion,8,7,1,W,morning,1,0,1,1,1,0,1,12/16/2025,09:47,12-16-2025 09:47,Undergarments,9,Cash
c563276b-9b5f-2cb6-1b23-59811d03d254,Not Enrolled,2.884755029,188,0.035675375,Household,7,7,0,W,morning,1,1,1,1,1,0,1,11-07-2025,08:26,11-07-2025 08:26,Air-Freshner,1,UPI
409a1008-60bd-a74b-4f62-f6d88e7b20da,Enrolled,6.762580308,659,0.169084503,Household,4,4,0,W,morning,1,1,1,1,1,0,1,01-08-2026,09:05,01-08-2026 09:05,Dishwasher,12,UPI
61a11f92-4cb6-2e0d-8e84-dc7b195eaf32,Not Enrolled,1.92701873,12778,1.733324459,Fashion,7,0,0,E,afternoon,1,1,0,1,0,0,1,12-01-2025,12:30,12-01-2025 12:30,Jeans,11,Cash
0042814a-3be9-4932-9274-9efade8604d9,Not Enrolled,5.427182406,3024,0.333981752,Snacks/Beverages,7,7,1,W,evening,1,1,1,1,1,0,1,11-03-2025,18:26,11-03-2025 18:26,Ready-to-Eat-Meal,14,UPI
2729fac6-d995-bc13-9d53-619e53f78c7d,Enrolled,10.9937956,580,0.126077385,Snacks/Beverages,2,2,1,W,evening,1,1,1,1,1,0,1,12/16/2025,18:03,12-16-2025 18:03,Chips/Biscuits,6,Card
4fd00cc4-ca90-9f3d-133c-126506bc7adf,Not Enrolled,8.437151353,544,0.15046024,Snacks/Beverages,4,4,1,W,morning,1,1,1,1,1,0,1,11-09-2025,08:33,11-09-2025 08:33,Soft-Drink,9,UPI
3ffa39b4-689a-0e68-07ce-b5618e147ca9,Enrolled,5.511366415,7508,1.611575847,Fashion,6,6,0,W,afternoon,1,1,1,1,1,0,1,01-04-2026,11:51,01-04-2026 11:51,Jeans,4,UPI
9058fae4-d280-7aeb-3c6d-6c69326e431c,Enrolled,8.742032815,13977,3.068452333,Fashion,8,8,0,W,afternoon,1,1,1,1,1,0,1,01-10-2026,13:12,01-10-2026 13:12,Jeans,12,UPI
1ffdcef0-2219-1d8c-3552-c5f6e0ad577a,Not Enrolled,8.663273924,1336,0.180324222,Fashion,2,2,1,W,morning,1,1,1,1,1,0,1,12-05-2025,10:44,12-05-2025 10:44,Undergarments,6,Cash
2443ff6c-d5b0-521e-b0ea-6402adf99edc,Enrolled,3.157625738,4412,1.188963404,Personal care,4,1,0,E,afternoon,1,1,1,1,1,0,1,01-03-2026,12:44,01-03-2026 12:44,Conditioner,13,Card
0c7059d1-5216-427b-2083-9ca0d5350a06,Not Enrolled,9.503136259,6274,0.728212511,Fashion,9,3,0,W,afternoon,1,1,1,1,1,0,1,11/19/2025,14:15,11-19-2025 14:15,Shirt/T-Shirt,3,Cash
5bfb1c6c-1ef2-655b-c87c-e92d202bde63,Not Enrolled,4.928244921,928,0.132341877,Snacks/Beverages,8,2,1,W,evening,1,0,1,1,1,0,1,11/14/2025,16:46,11-14-2025 16:46,Soft-Drink,8,Cash
b1e4f589-5b67-1867-eb40-fee4312cd82d,Not Enrolled,5.795216179,45498,8.239541734,Fashion,1,1,0,W,morning,0,1,1,1,1,0,1,11/29/2025,09:09,11-29-2025 09:09,Jeans,15,UPI
527e0627-63bb-46d3-ceef-252004a90e09,Enrolled,9.547102284,894,0.167856028,Personal care,3,1,1,E,afternoon,1,1,1,1,1,0,1,11/18/2025,12:24,11-18-2025 12:24,Soap,15,Cash
441482c6-a3d3-f4b2-abe4-8b128efa3bc7,Enrolled,3.159428756,894,0.109098217,Household,1,1,1,W,evening,1,1,1,1,1,0,1,11/21/2025,15:33,11-21-2025 15:33,Air-Freshner,8,UPI
3adfd155-600d-cb59-161f-8e6a50e7549c,Not Enrolled,6.414054099,8550,0.830874231,Fashion,3,3,0,W,afternoon,1,1,1,0,0,1,0,12/23/2025,11:15,12-23-2025 11:15,Shirt/T-Shirt,7,UPI
8568bfdf-0328-4f8c-5ca0-cf61f9e473e0,Enrolled,6.681846247,1076,0.232738639,Fashion,6,4,0,W,evening,1,1,1,1,1,0,1,12/26/2025,18:28,12-26-2025 18:28,Undergarments,10,Card
87fdf63f-4e1a-cb66-280b-fe506bf608d1,Not Enrolled,9.070568747,5808,0.830078595,Household,7,0,0,E,afternoon,1,1,0,1,0,0,1,11/23/2025,11:23,11-23-2025 11:23,Towels,15,UPI
d8764a57-cbe8-2aab-7177-75049a413b04,Enrolled,6.488613589,484,0.092653681,Personal care,9,7,1,W,evening,1,1,1,1,1,0,1,11-11-2025,17:59,11-11-2025 17:59,Shampoo,1,Cash
c241dc0a-f996-33b5-924e-aaf052bfd7d2,Enrolled,7.705999484,1233,0.126399638,Snacks/Beverages,5,1,0,E,morning,1,1,1,1,1,0,1,12/17/2025,08:23,12-17-2025 08:23,Sauce/Chutney,9,Cash
c5660249-4bc2-bb74-1fd6-11c49f9fdc33,Enrolled,10.26680983,6201,1.203910693,Fashion,7,1,1,E,evening,1,1,1,1,1,0,1,12-09-2025,18:35,12-09-2025 18:35,Footwear,8,UPI
9798d2b5-7b62-194a-feae-4ea7692be53d,Not Enrolled,9.642419278,24811,5.199420899,Fashion,1,1,0,W,evening,0,1,1,1,1,0,1,11/23/2025,18:56,11-23-2025 18:56,Shirt/T-Shirt,7,Card
94bc2781-b1a8-fac3-d6f0-f22fd2c49f11,Enrolled,4.299716892,74549.91,6.036470736,Fashion,7,7,0,W,afternoon,1,1,1,1,1,0,1,11/26/2025,13:54,11-26-2025 13:54,Ethnic-Wear/Suit,12,UPI
78288c92-99e6-dc00-e680-bfebf9d10fc8,Not Enrolled,9.026511311,1544,0.232354521,Personal care,8,8,1,W,evening,1,1,1,1,1,0,1,1/26/2026,16:00,01-26-2026 16:00,Shampoo,5,Card
9fe5c725-8107-3c42-538b-a8b10fcaa355,Enrolled,4.364153169,874,0.083106353,Snacks/Beverages,1,1,1,W,afternoon,0,0,1,0,1,0,1,12/26/2025,13:18,12-26-2025 13:18,Chocolates,2,Card
284e73c4-72a8-0dbc-daf0-441f953320ce,Enrolled,4.502220455,258,0.015912568,Personal care,5,5,0,W,evening,1,1,1,1,1,0,1,1/15/2026,16:31,01-15-2026 16:31,Shampoo,1,Cash
11863421-cc93-bfdc-632f-83aaf165346f,Enrolled,4.291519266,1524,0.484490244,Personal care,1,1,1,W,evening,1,1,1,1,1,0,1,12/13/2025,18:52,12-13-2025 18:52,Hair-Oil,8,Card
49546bdf-82c9-b069-9080-142c322d5106,Enrolled,6.346187946,34300,5.26101934,Fashion,6,6,1,W,night,1,0,1,1,1,0,1,01-05-2026,19:17,01-05-2026 19:17,Shirt/T-Shirt,12,Cash
c1748346-dfbe-fc2d-2018-0e03336aebf6,Enrolled,4.315900581,1842,0.504628866,Snacks/Beverages,5,1,1,E,evening,1,1,1,1,1,0,1,12/16/2025,18:42,12-16-2025 18:42,Chocolates,13,UPI
e22565f9-1861-2b28-abf1-316c238edc32,Not Enrolled,4.792887791,141,0.009770166,Personal care,9,0,0,E,morning,1,0,1,1,0,0,1,11-05-2025,09:53,11-05-2025 09:53,Soap,2,Cash
34c26bc5-eb1e-8823-4d09-ea45b89be949,Enrolled,5.330610644,2985,0.729408768,Fashion,9,4,1,W,evening,1,1,1,1,1,0,1,12/21/2025,15:02,12-21-2025 15:02,Undergarments,10,Cash
0352e427-efab-2c9a-5a53-1bea2e3dcfdc,Not Enrolled,8.946207217,780,0.192900991,Snacks/Beverages,2,0,0,E,afternoon,1,1,1,1,0,0,1,1/31/2026,12:11,01-31-2026 12:11,Soft-Drink,14,Card
0823cbfa-bed3-c330-4c33-2017b5544f26,Enrolled,9.143758122,503,0.098573254,Personal care,2,0,0,E,afternoon,1,0,0,1,0,0,1,11/15/2025,13:10,11-15-2025 13:10,Toothpaste,4,Cash
322ae428-aa43-3c3b-192a-4f7a60443e49,Not Enrolled,8.61792676,56489,10.93202166,Fashion,8,6,1,W,afternoon,1,1,1,1,1,0,1,01-04-2026,11:05,01-04-2026 11:05,Ethnic-Wear/Suit,14,Card
fdc22ef8-041f-63fa-addd-96c8d9d7da80,Not Enrolled,6.571718948,74549.91,13.23681828,Fashion,10,8,0,W,morning,1,1,1,0,0,1,0,12-12-2025,10:17,12-12-2025 10:17,Ethnic-Wear/Suit,9,Cash
b4cf4446-ebb4-a5f6-43ce-91c83898b4a4,Enrolled,6.784872228,19112,3.06233986,Fashion,10,7,1,W,afternoon,1,0,1,1,1,0,1,1/24/2026,12:35,01-24-2026 12:35,Footwear,8,Cash
9884835f-df39-7899-697b-4ad08a5ecfa8,Enrolled,7.79338263,3465,1.075656446,Personal care,6,2,1,W,morning,1,0,1,0,0,1,0,12/13/2025,08:04,12-13-2025 08:04,Shampoo,10,UPI
c19f24cc-7076-dffb-f97c-8940a6e71bf4,Enrolled,2.274292118,11268,3.249677954,Fashion,9,0,0,E,morning,1,0,0,1,0,0,1,01-08-2026,09:33,01-08-2026 09:33,Jeans,5,Card
c8403a13-d14c-4bde-5f8f-02f75786ed6f,Not Enrolled,9.643288218,2611,0.829397966,Personal care,7,0,0,E,morning,1,1,0,1,0,0,1,11/22/2025,08:00,11-22-2025 08:00,Hair-Oil,12,UPI
9b053057-680f-6cb6-6985-1fe985781106,Not Enrolled,9.45825289,60123,6.035923221,Fashion,5,2,1,W,afternoon,1,1,1,1,1,0,1,1/15/2026,14:04,01-15-2026 14:04,Ethnic-Wear/Suit,13,Card
d40b170d-15f9-6561-537e-fe1efca2d25a,Not Enrolled,3.818246716,1474,0.370085446,Snacks/Beverages,4,4,0,W,evening,1,1,1,1,1,0,1,12-08-2025,17:13,12-08-2025 17:13,Soft-Drink,13,Card
1091df5f-8bb7-1d71-263b-36c7c5cf8ec0,Not Enrolled,2.982439443,535,0.148732002,Personal care,1,1,1,W,afternoon,0,1,1,1,1,0,1,12/23/2025,12:35,12-23-2025 12:35,Soap,8,Cash
5d4905d5-2994-2eab-ace6-5a28a96d6233,Not Enrolled,1.877220528,341,0.031508305,Household,1,1,1,W,evening,1,0,1,1,1,0,1,01-03-2026,18:57,01-03-2026 18:57,Insect-Repellent,4,UPI
620ce9ab-4fe6-577e-d858-8a5e6928e978,Enrolled,1.130367208,16321,1.381218914,Fashion,3,2,1,W,afternoon,1,0,1,1,1,0,1,12/24/2025,12:57,12-24-2025 12:57,Shirt/T-Shirt,8,Cash
8ae01e1f-e919-875f-142a-1218020c47e7,Enrolled,3.205971018,184,0.030632771,Snacks/Beverages,3,3,0,W,afternoon,1,1,1,1,1,0,1,12/27/2025,12:44,12-27-2025 12:44,Soft-Drink,8,Cash
3db83d49-dd48-4e48-e424-badcba0184c0,Enrolled,11.392559,2589,0.55792871,Personal care,1,1,1,W,morning,1,1,1,0,1,0,1,11-12-2025,08:26,11-12-2025 08:26,Shampoo,7,Cash
a3d72eb1-bdf7-acf6-7bf8-d82f6da1f01a,Enrolled,7.727539569,2020,0.572029602,Fashion,1,1,0,W,afternoon,1,1,1,1,1,0,1,12/16/2025,11:45,12-16-2025 11:45,Undergarments,10,Card
6e27b3ac-ae3a-f5f2-2385-0ef86eb09875,Enrolled,11.30744016,1386,0.137852373,Fashion,6,6,1,W,morning,1,0,1,1,1,0,1,1/17/2026,10:43,01-17-2026 10:43,Footwear,1,UPI
76fcdaa6-f247-87af-b85e-ce588941641c,Enrolled,11.3960913,16137,4.509997835,Fashion,10,5,1,W,morning,1,1,1,1,1,0,1,12/20/2025,09:53,12-20-2025 09:53,Shirt/T-Shirt,5,Card
9798d2b5-7b62-194a-feae-4ea7692be53d,Not Enrolled,5.976714338,10445,1.25834229,Fashion,0,0,0,S,afternoon,1,0,0,0,0,0,1,1/22/2026,13:48,01-22-2026 13:48,Footwear,9,UPI
d009c48b-b1ff-9c01-58da-44376d039880,Not Enrolled,5.943210385,7225,0.794877323,Snacks/Beverages,1,1,1,W,afternoon,1,1,1,1,1,0,1,11-06-2025,11:49,11-06-2025 11:49,Chocolates,11,UPI
db03788c-058f-5cdb-b40e-5a9ad086e722,Enrolled,1.081800347,634,0.062862091,Snacks/Beverages,9,8,1,W,morning,1,1,1,1,1,0,1,01-07-2026,10:30,01-07-2026 10:30,Sauce/Chutney,13,Cash
405f38dd-23ac-4ba0-2eb1-166b385c7ffb,Enrolled,6.366031155,878,0.231293159,Household,10,1,1,E,afternoon,1,1,1,1,1,0,1,1/28/2026,13:56,01-28-2026 13:56,Insect-Repellent,9,Card
2fbf0d42-3003-3963-dbb6-41043c4c3ffe,Not Enrolled,7.356632908,456,0.095131053,Snacks/Beverages,10,7,0,W,afternoon,1,1,1,1,1,0,1,11/15/2025,12:05,11-15-2025 12:05,Soft-Drink,7,UPI
8a4c284a-dc0b-24fd-e52f-c04582a32bdb,Enrolled,7.509554614,455,0.08014944,Personal care,5,5,0,W,morning,1,1,1,1,1,0,1,12/17/2025,09:44,12-17-2025 09:44,Soap,8,Card
6c2b4cef-98f3-1c56-9b85-923c242e60d4,Not Enrolled,8.162425171,1530,0.238869537,Snacks/Beverages,3,2,0,W,afternoon,1,1,1,1,1,0,1,1/14/2026,12:57,01-14-2026 12:57,Soft-Drink,12,Card
2a23e96f-9206-0489-9f1c-b33afcbc927f,Enrolled,3.278132337,12244,3.685175404,Fashion,4,4,1,W,evening,1,1,1,1,1,0,1,01-02-2026,17:20,01-02-2026 17:20,Footwear,6,UPI
b1e4f589-5b67-1867-eb40-fee4312cd82d,Not Enrolled,9.100778001,8928,1.528305121,Fashion,6,6,1,W,evening,1,1,1,1,1,0,1,12/13/2025,18:04,12-13-2025 18:04,Shirt/T-Shirt,10,Card
00411040-5589-362b-dbc7-6072688826a2,Not Enrolled,7.214577461,1166,0.314218683,Snacks/Beverages,2,2,1,W,night,1,1,1,1,1,0,1,1/29/2026,19:58,01-29-2026 19:58,Chips/Biscuits,9,Cash
dcca4e19-c956-d0df-cec0-75057fd472cd,Enrolled,2.263602953,68.9,0,Snacks/Beverages,9,0,0,E,afternoon,1,1,0,1,0,0,1,01-03-2026,14:06,01-03-2026 14:06,Soft-Drink,1,Card
b74f2604-317b-b914-2f08-767f3f9129dd,Not Enrolled,2.728332888,17900,3.001868212,Fashion,7,3,1,W,morning,1,1,1,1,1,0,1,11/14/2025,08:17,11-14-2025 08:17,Footwear,11,UPI
8225e37e-871d-f468-b64c-5192e92ed527,Not Enrolled,1.936601355,1154,0.207657988,Household,7,7,0,W,morning,1,0,1,1,1,0,1,11/21/2025,08:33,11-21-2025 08:33,Detergent,13,Cash
ab1af14c-22eb-41d7-7e94-f14a7bb016a2,Not Enrolled,0.907118865,1069,0.148073452,Personal care,1,0,0,S,afternoon,0,1,1,1,0,0,1,12/19/2025,12:42,12-19-2025 12:42,Toothpaste,11,Card
676ea848-155c-2bf1-7cd9-64826b7f5e1a,Enrolled,2.272146117,1182,0.298180436,Personal care,8,7,1,W,evening,1,0,1,1,1,0,1,01-12-2026,15:26,01-12-2026 15:26,Toothpaste,8,UPI
557714f9-bee6-2ac6-2629-b27a4baf7626,Enrolled,8.405561704,1346,0.2581327,Household,9,9,1,W,afternoon,1,1,1,1,1,0,1,1/18/2026,14:49,01-18-2026 14:49,Air-Freshner,6,UPI
0b223a1d-89d1-73c0-9e67-59e367cdd2fd,Enrolled,9.909672572,2602,0.328001185,Fashion,9,6,1,W,afternoon,1,1,1,1,1,0,1,12/18/2025,14:10,12-18-2025 14:10,Footwear,1,UPI
1a00ba32-6daf-4660-271e-70b3167c6817,Enrolled,5.458705502,886,0.252230034,Personal care,5,5,1,W,afternoon,1,1,1,1,1,0,1,1/28/2026,12:40,01-28-2026 12:40,Soap,12,Card
ee63ba96-8dae-4485-1971-cb4553ae678b,Not Enrolled,1.863795126,3692,0.616707879,Fashion,10,4,1,W,evening,1,1,1,1,1,0,1,01-02-2026,16:40,01-02-2026 16:40,Undergarments,13,Cash
5a67682a-c7ab-880c-d65d-2217dbfe4966,Enrolled,2.144421562,1594,0.324981487,Snacks/Beverages,1,1,1,W,evening,0,1,1,1,1,0,1,1/28/2026,17:45,01-28-2026 17:45,Ready-to-Eat-Meal,9,UPI
6f4eb299-1a73-b305-f1fc-19201b89da6c,Not Enrolled,5.906925187,2848,0.863025795,Snacks/Beverages,6,6,0,W,morning,1,0,1,1,1,0,1,1/13/2026,10:13,01-13-2026 10:13,Ready-to-Eat-Meal,13,Cash
2b44f024-4da6-8d2f-232e-aad85f68c861,Not Enrolled,6.316290355,404,0.078666267,Personal care,4,4,0,W,evening,1,0,1,1,1,0,1,1/17/2026,17:37,01-17-2026 17:37,Soap,5,Cash
517aa0c9-6577-ffaf-e276-5434fb52e6de,Not Enrolled,9.814468483,19799,1.943833746,Fashion,6,5,1,W,afternoon,1,0,1,1,1,0,1,12/27/2025,11:42,12-27-2025 11:42,Shirt/T-Shirt,12,Cash
f6f32ee3-1df7-5fd4-adfd-c2badc2550cf,Enrolled,6.37191922,458,0.12431724,Household,10,0,0,E,afternoon,1,1,0,1,0,0,1,11-06-2025,13:08,11-06-2025 13:08,Detergent,3,UPI
3ffa39b4-689a-0e68-07ce-b5618e147ca9,Enrolled,5.418807586,1053,0.231938986,Household,5,5,0,W,afternoon,1,1,1,1,1,0,1,11/27/2025,14:55,11-27-2025 14:55,Towels,6,Card
8a7ea737-b295-8f50-7ba4-119e1a2b0904,Enrolled,8.010036793,449,0.059699143,Personal care,5,5,1,W,afternoon,1,1,1,1,1,0,1,12/18/2025,12:10,12-18-2025 12:10,Conditioner,1,Cash
a09b1936-ab12-328d-91bf-b6b27054a737,Not Enrolled,5.569112865,3868,0.397116938,Personal care,8,2,1,W,evening,1,1,1,1,1,0,1,01-08-2026,16:43,01-08-2026 16:43,Conditioner,12,Card
3347919f-fe7f-afd9-7502-2e0c02c3229a,Not Enrolled,3.647265931,14489,4.042627143,Fashion,2,1,1,E,afternoon,1,0,1,1,1,0,1,12-08-2025,13:51,12-08-2025 13:51,Jeans,13,UPI
5d711e54-824a-fccd-2286-4999bacf9b85,Not Enrolled,3.878694866,349,0.065441481,Snacks/Beverages,4,1,1,E,afternoon,1,1,1,1,1,0,1,11/16/2025,11:51,11-16-2025 11:51,Sauce/Chutney,2,UPI
04982b58-8292-03c3-5e7b-4b817bccfbf5,Enrolled,8.658562346,35360,7.424497531,Fashion,8,2,1,W,evening,1,1,1,1,1,0,1,11-10-2025,18:38,11-10-2025 18:38,Ethnic-Wear/Suit,9,Card
6f119946-0d5b-99fd-0f44-c1e5be6b3b2b,Not Enrolled,9.628942847,2353,0.701592271,Snacks/Beverages,3,3,1,W,afternoon,1,0,1,1,1,0,1,11/16/2025,12:27,11-16-2025 12:27,Ready-to-Eat-Meal,14,Cash
08cae84c-aba0-94c6-7027-2e1cc4716b07,Enrolled,8.815032497,1594,0.425333815,Household,10,6,1,W,afternoon,1,0,1,1,1,0,1,01-09-2026,13:46,01-09-2026 13:46,Air-Freshner,12,Card
50416bbe-a7a6-d5e0-6e6f-119b61a661f1,Not Enrolled,8.889724812,532,0.049949816,Personal care,2,2,1,W,evening,1,1,1,1,1,0,1,11/30/2025,18:21,11-30-2025 18:21,Soap,5,Cash
bf4b0658-c72b-8ceb-6864-102da4392ca2,Enrolled,4.481207584,626,0.084030913,Snacks/Beverages,10,2,1,W,morning,1,1,1,1,1,0,1,1/22/2026,10:11,01-22-2026 10:11,Sauce/Chutney,8,UPI
38200332-c278-40e0-9c5d-dbd712dd671c,Enrolled,7.604540722,893,0.110311313,Household,7,2,1,W,afternoon,1,1,1,1,1,0,1,1/23/2026,13:10,01-23-2026 13:10,Air-Freshner,5,Card
2fbf0d42-3003-3963-dbb6-41043c4c3ffe,Not Enrolled,4.867535522,2210,0.571457988,Personal care,8,8,0,W,morning,1,1,1,1,1,0,1,11/16/2025,09:04,11-16-2025 09:04,Hair-Oil,10,UPI
a3d72eb1-bdf7-acf6-7bf8-d82f6da1f01a,Enrolled,5.735891041,340,0.020640333,Personal care,3,0,0,E,afternoon,1,1,0,1,0,0,1,12/13/2025,13:43,12-13-2025 13:43,Conditioner,1,UPI
611cd96a-ebfa-5234-3965-9167acd3fe9b,Not Enrolled,7.842784744,4473,0.969609881,Household,1,1,1,W,evening,1,1,1,1,1,0,1,11/15/2025,17:10,11-15-2025 17:10,Towels,14,UPI
d892ff84-f355-52d4-4c36-6761b15efeeb,Not Enrolled,1.856406915,480,0.111765876,Personal care,9,0,0,E,afternoon,1,1,0,1,0,0,1,11-10-2025,11:00,11-10-2025 11:00,Soap,6,UPI
519637ef-9123-7df8-e788-0e7cfe12ef68,Not Enrolled,8.259695589,3304,0.978826552,Snacks/Beverages,7,6,1,W,afternoon,1,1,1,1,1,0,1,11-03-2025,14:25,11-03-2025 14:25,Sauce/Chutney,9,UPI
05c3ae22-b435-f440-e321-61f197930ec6,Not Enrolled,1.95012295,428,0.057092823,Household,10,0,0,E,afternoon,1,1,0,1,0,0,1,1/29/2026,14:06,01-29-2026 14:06,Dishwasher,4,UPI
ec1317c2-234b-1075-379a-38e3c0d5eca2,Not Enrolled,9.806834739,979,0.261798618,Household,10,1,1,E,morning,1,1,1,1,1,0,1,12-12-2025,09:33,12-12-2025 09:33,Dishwasher,12,Card
7dad3539-2c6e-6da7-db01-65e537055ddd,Not Enrolled,9.990505142,25938,2.505126734,Fashion,6,6,1,W,morning,1,1,1,1,1,0,1,11-03-2025,09:25,11-03-2025 09:25,Footwear,12,Cash
730fab3c-07f7-9413-5073-b54a2b1755be,Enrolled,2.292489459,306,0.069808086,Snacks/Beverages,3,3,1,W,afternoon,1,1,1,0,0,1,0,12/16/2025,14:27,12-16-2025 14:27,Chips/Biscuits,3,UPI
9df24836-7ccf-f1f3-a7ac-59b5a3e8e0da,Not Enrolled,7.530094142,1338,0.128642418,Household,2,0,0,E,afternoon,1,1,0,1,0,0,1,12/23/2025,12:38,12-23-2025 12:38,Detergent,12,UPI
0ab9e103-1658-f14d-0ba4-2b46e1b401c2,Enrolled,9.676604066,15866,2.74573668,Fashion,4,1,1,E,evening,1,1,1,1,1,0,1,11/17/2025,17:59,11-17-2025 17:59,Jeans,10,Card
3adfd155-600d-cb59-161f-8e6a50e7549c,Not Enrolled,6.56041266,74549.91,20.94590732,Fashion,4,4,0,W,night,1,1,1,1,1,0,1,11-06-2025,21:32,11-06-2025 21:32,Ethnic-Wear/Suit,14,Card
8337e3d7-71f3-c2ce-dce9-1b5d6ba8dd0a,Not Enrolled,8.798771665,1324,0.134782373,Personal care,4,4,0,W,morning,1,1,1,1,1,0,1,1/28/2026,08:34,01-28-2026 08:34,Hair-Oil,6,Cash
c8403a13-d14c-4bde-5f8f-02f75786ed6f,Not Enrolled,1.868160708,592,0.067318208,Personal care,5,5,0,W,evening,1,0,1,1,1,0,1,01-10-2026,15:27,01-10-2026 15:27,Soap,7,UPI
00411040-5589-362b-dbc7-6072688826a2,Not Enrolled,6.951530128,385,0.082525475,Personal care,2,2,1,W,morning,1,1,1,1,1,0,1,12/14/2025,09:10,12-14-2025 09:10,Hair-Oil,2,Card
710a18cf-2bf7-e5f7-e234-583dee9ea2bf,Not Enrolled,0.985841275,13950,3.615733505,Fashion,4,4,1,W,afternoon,1,1,1,1,1,0,1,11/25/2025,11:55,11-25-2025 11:55,Jeans,11,Cash
954e52c2-c2bc-3b28-bc4d-88e409882a43,Enrolled,4.398899402,67157,16.05386434,Fashion,6,0,0,E,afternoon,1,1,0,1,0,0,1,11-07-2025,13:52,11-07-2025 13:52,Ethnic-Wear/Suit,9,UPI
f0d65d18-8e8f-2a8f-913a-abd5645518e2,Not Enrolled,3.771597611,1324,0.318134701,Snacks/Beverages,8,7,0,W,evening,1,0,1,1,1,0,1,01-08-2026,18:37,01-08-2026 18:37,Chocolates,4,UPI
93bbd8e5-1074-5374-67e4-81ce6e85a91b,Not Enrolled,0.975087107,2798,0.580933121,Snacks/Beverages,7,4,1,W,morning,1,1,1,1,1,0,1,12/16/2025,09:44,12-16-2025 09:44,Sauce/Chutney,11,Cash
ff9fb344-032e-7fbd-9091-66c36edef7a6,Enrolled,2.160175662,3151,0.415299116,Personal care,1,1,0,W,afternoon,1,0,1,1,1,0,1,12-10-2025,14:16,12-10-2025 14:16,Hair-Oil,14,UPI
527e0627-63bb-46d3-ceef-252004a90e09,Enrolled,8.627872396,864,0.127183529,Personal care,6,0,0,E,night,1,0,1,0,0,1,0,11-07-2025,21:31,11-07-2025 21:31,Conditioner,2,UPI
730fab3c-07f7-9413-5073-b54a2b1755be,Enrolled,1.053688695,205,0.015773269,Personal care,8,0,0,E,afternoon,1,1,0,1,0,0,1,1/18/2026,11:20,01-18-2026 11:20,Toothpaste,1,Card
7939872c-b047-08e8-521c-e210af8a11b4,Enrolled,9.998607901,4530,1.387726563,Personal care,4,4,1,W,afternoon,1,1,1,1,1,0,1,1/13/2026,13:06,01-13-2026 13:06,Conditioner,13,Card
51b7f218-d340-59ba-275b-9f603f3ac695,Enrolled,9.902411121,1857,0.400152433,Household,10,2,1,W,morning,1,1,1,1,1,0,1,12/13/2025,10:02,12-13-2025 10:02,Towels,10,Cash
d009c48b-b1ff-9c01-58da-44376d039880,Not Enrolled,0.975454287,4691,0.807803313,Fashion,8,3,0,W,evening,1,1,1,1,1,0,1,12/19/2025,16:42,12-19-2025 16:42,Jeans,5,Cash
205f79b7-af48-93a6-84a4-02db547a494e,Not Enrolled,4.551561934,4445,0.836671951,Household,1,1,0,W,evening,0,1,1,0,1,0,1,12-12-2025,18:57,12-12-2025 18:57,Towels,12,UPI
6a8ee107-3fbf-4d8a-ad70-b098f835686c,Not Enrolled,1.980510581,899,0.266877396,Personal care,1,1,0,W,evening,0,1,1,1,1,0,1,1/25/2026,17:45,01-25-2026 17:45,Hair-Oil,4,Card
c8403a13-d14c-4bde-5f8f-02f75786ed6f,Not Enrolled,3.802100949,698,0.068137735,Personal care,10,1,1,E,morning,1,0,1,0,0,1,0,11/19/2025,09:55,11-19-2025 09:55,Soap,8,UPI
83714989-5b9b-7cb0-395c-ef3dc077f4dd,Not Enrolled,5.89587448,2087,0.453161262,Fashion,9,5,0,W,afternoon,1,0,1,1,1,0,1,11/30/2025,11:10,11-30-2025 11:10,Shirt/T-Shirt,1,Card
5ab8707d-8dee-0bc4-d173-6008b18bdfd5,Not Enrolled,6.524034721,564,0.10049286,Snacks/Beverages,8,2,0,W,morning,1,0,1,0,0,1,0,01-11-2026,09:46,01-11-2026 09:46,Chips/Biscuits,5,Card
6c0585f8-98b3-1a20-d701-dfcfdf9012ed,Not Enrolled,9.895523228,252,0.04235503,Personal care,9,6,0,W,afternoon,1,1,1,1,1,0,1,11/18/2025,13:52,11-18-2025 13:52,Soap,4,Card
63fe7004-bf94-f4d7-a782-5f64774b72b5,Not Enrolled,6.572441175,7739,0.552203017,Fashion,4,4,0,W,morning,1,0,1,1,1,0,1,12/16/2025,09:34,12-16-2025 09:34,Footwear,9,UPI
72cc53d0-5ae7-446c-3895-2ce6791dccfe,Enrolled,1.055147875,3367,0.993777304,Household,2,2,1,W,evening,1,1,1,1,1,0,1,12-08-2025,15:14,12-08-2025 15:14,Towels,14,UPI
8ae01e1f-e919-875f-142a-1218020c47e7,Enrolled,7.545052525,1190,0.355868645,Personal care,1,1,1,W,evening,1,1,1,0,1,0,1,11-03-2025,15:20,11-03-2025 15:20,Soap,15,Cash
c83e00ed-2c80-375a-b2ac-c98a012eeb0d,Not Enrolled,2.703251295,700,0.138137373,Household,1,1,1,W,night,0,0,1,1,1,0,1,12/27/2025,21:12,12-27-2025 21:12,Insect-Repellent,4,Card
4927620e-e425-dcfb-7b92-d220e37d159a,Enrolled,11.40826589,1171,0.280152987,Personal care,8,0,0,E,afternoon,1,1,1,1,0,0,1,12-11-2025,12:22,12-11-2025 12:22,Toothpaste,12,UPI
f3c93086-c58f-c62c-b5d2-629d3593cb7e,Enrolled,5.369780945,21741,6.823356407,Fashion,8,6,1,W,afternoon,1,1,1,1,1,0,1,12/13/2025,14:43,12-13-2025 14:43,Shirt/T-Shirt,14,Cash
009b00d1-5d81-e291-06c7-e994d451feb7,Enrolled,2.128978974,22348,5.726671875,Fashion,3,1,1,E,evening,1,1,1,0,0,1,0,11-06-2025,18:02,11-06-2025 18:02,Jeans,12,UPI
1a5f8dc0-87a3-a03e-8fce-d4b49334a347,Enrolled,1.098945276,656,0.063460652,Personal care,1,1,1,W,evening,0,1,1,1,1,0,1,12/16/2025,18:34,12-16-2025 18:34,Soap,7,Card
ff60325d-f262-b220-ab60-25a6d64f5a82,Not Enrolled,6.933767383,396,0.0725766,Household,6,0,0,E,afternoon,1,0,1,1,0,0,1,01-04-2026,12:01,01-04-2026 12:01,Towels,9,UPI
be556dd1-4676-26bb-c0ed-cb0b1b188a8a,Enrolled,6.891390272,1117,0.241114625,Snacks/Beverages,7,7,0,W,afternoon,1,1,1,1,1,0,1,1/26/2026,11:23,01-26-2026 11:23,Sauce/Chutney,5,Cash
aade6fbc-76d6-4cba-0709-5de8bd356bde,Enrolled,10.74205527,309,0.043463099,Snacks/Beverages,2,2,1,W,evening,1,1,1,1,1,0,1,12/21/2025,16:45,12-21-2025 16:45,Chips/Biscuits,4,UPI
345e32b0-c183-0188-8fb5-89b4c9b4a3d3,Not Enrolled,5.454772006,25083,6.62585396,Fashion,3,3,1,W,morning,1,1,1,1,1,0,1,12-09-2025,09:20,12-09-2025 09:20,Footwear,14,Cash
83714989-5b9b-7cb0-395c-ef3dc077f4dd,Not Enrolled,7.45545091,3080,0.957625982,Snacks/Beverages,3,0,0,E,morning,1,1,0,1,0,0,1,1/14/2026,10:46,01-14-2026 10:46,Sauce/Chutney,11,Card
485e46a7-935a-aaa2-b1fc-382063a40b19,Not Enrolled,9.950061967,892,0.259827423,Snacks/Beverages,5,4,1,W,afternoon,1,1,1,1,1,0,1,11-07-2025,14:59,11-07-2025 14:59,Chips/Biscuits,12,Cash
b8b5c6c4-2b63-32e2-7083-298a4853f98f,Not Enrolled,9.950607147,469,0.075295926,Snacks/Beverages,2,2,1,W,afternoon,1,1,1,1,1,0,1,11/28/2025,13:46,11-28-2025 13:46,Soft-Drink,6,Card
aa12ce3f-004e-9607-623c-209a28140e3d,Enrolled,3.351640664,1117,0.10223003,Household,7,4,0,W,afternoon,1,1,1,1,1,0,1,01-10-2026,14:33,01-10-2026 14:33,Dishwasher,14,Card
0ab9e103-1658-f14d-0ba4-2b46e1b401c2,Enrolled,5.630809808,2515,0.811091326,Snacks/Beverages,6,6,0,W,morning,1,1,1,1,1,0,1,01-07-2026,08:55,01-07-2026 08:55,Sauce/Chutney,11,Card
9fe5c725-8107-3c42-538b-a8b10fcaa355,Enrolled,4.295055018,8125,2.355572749,Fashion,8,8,0,W,evening,1,1,1,1,1,0,1,12/23/2025,17:16,12-23-2025 17:16,Jeans,7,Card
5bfb1c6c-1ef2-655b-c87c-e92d202bde63,Not Enrolled,8.616094099,1089,0.102628415,Personal care,1,1,1,W,afternoon,0,1,1,0,0,1,0,12/22/2025,11:43,12-22-2025 11:43,Hair-Oil,6,Cash
e0ac1618-a1c3-d082-f9d3-e6429d5e9203,Not Enrolled,1.926367442,714,0.20281951,Snacks/Beverages,5,5,1,W,evening,1,0,1,1,1,0,1,02-01-2026,18:34,02-01-2026 18:34,Chips/Biscuits,14,Card
245898b3-9c7c-b181-32b9-0bc5694b1ca5,Enrolled,8.982573079,2931,0.860690632,Personal care,1,1,0,S,night,0,0,1,1,1,0,1,12/17/2025,19:58,12-17-2025 19:58,Shampoo,7,Card
32b65661-140a-0353-989e-df2d6bbecbde,Enrolled,3.26033494,1212,0.235995399,Snacks/Beverages,5,5,0,W,morning,1,1,1,1,1,0,1,1/28/2026,08:41,01-28-2026 08:41,Chips/Biscuits,10,Cash
41e07f18-0c7e-d662-ca6d-860cc8a9e098,Enrolled,5.566152915,1992,0.434434708,Personal care,9,4,0,W,afternoon,1,0,1,1,1,0,1,1/24/2026,13:26,01-24-2026 13:26,Hair-Oil,10,Card
ad6a4246-2360-d738-2e22-b15ca7ba3f3b,Enrolled,11.13352971,6582,1.135059664,Fashion,8,8,0,W,evening,1,1,1,1,1,0,1,11-07-2025,17:50,11-07-2025 17:50,Footwear,12,UPI
1b04ffff-4c25-855e-1cc5-272ebb46b191,Enrolled,11.03577468,1069,0.081844249,Personal care,2,0,0,E,evening,1,0,0,1,0,0,1,1/29/2026,18:55,01-29-2026 18:55,Soap,14,Card
5ab8707d-8dee-0bc4-d173-6008b18bdfd5,Not Enrolled,3.779378209,1097,0.161555619,Snacks/Beverages,5,2,1,W,evening,1,1,1,0,0,1,0,12-11-2025,18:28,12-11-2025 18:28,Chocolates,2,Cash
c999de59-e7af-bb21-f86b-3091958e6c52,Enrolled,1.059028977,30652,8.646371016,Fashion,3,3,0,W,evening,1,0,1,1,1,0,1,01-10-2026,16:15,01-10-2026 16:15,Ethnic-Wear/Suit,12,Card
08cae84c-aba0-94c6-7027-2e1cc4716b07,Enrolled,2.267060499,361,0.019972343,Personal care,8,6,1,W,evening,1,1,1,1,1,0,1,02-01-2026,17:26,02-01-2026 17:26,Soap,6,UPI
b8f36cbb-6fe3-29c4-8c2d-d46863a58a35,Not Enrolled,2.787963232,209,0.02195143,Snacks/Beverages,4,4,1,W,morning,1,1,1,1,1,0,1,11-11-2025,10:30,11-11-2025 10:30,Chips/Biscuits,2,UPI
e948dd5b-0aea-544d-9200-acab7ce3871d,Enrolled,8.656624052,999,0.161883332,Household,4,4,1,W,afternoon,1,1,1,1,1,0,1,12-09-2025,11:29,12-09-2025 11:29,Detergent,6,UPI
ecfe9359-da8e-3824-e798-7ec41076d3df,Not Enrolled,2.798599364,101,0.006787072,Snacks/Beverages,6,1,0,E,morning,1,1,1,1,1,0,1,12-02-2025,09:22,12-02-2025 09:22,Chips/Biscuits,1,UPI
dde5d74d-46e6-f626-0d5e-e1caad7e9ba5,Enrolled,2.137303702,27072,8.482626161,Fashion,10,7,0,W,afternoon,1,1,1,1,1,0,1,01-11-2026,14:29,01-11-2026 14:29,Footwear,13,Card
b4cf4446-ebb4-a5f6-43ce-91c83898b4a4,Enrolled,6.324465085,703,0.101540781,Personal care,1,1,1,W,evening,0,1,1,0,1,0,1,12/28/2025,17:35,12-28-2025 17:35,Shampoo,4,Card
5f999ee2-db0c-39d7-6c85-78408ef29f03,Enrolled,11.09089294,761,0.110941383,Personal care,9,2,0,W,night,1,1,1,1,1,0,1,01-10-2026,20:07,01-10-2026 20:07,Toothpaste,9,UPI
e81b5328-49f6-2ebf-7c6a-1e6a55abda8b,Not Enrolled,6.770762919,5665,1.483909988,Fashion,7,7,0,W,afternoon,1,1,1,1,1,0,1,11-07-2025,12:15,11-07-2025 12:15,Jeans,6,UPI
ae23f55e-7b1e-7f6b-d6c3-6d4855ea7632,Not Enrolled,4.876187265,2349,0.429942378,Personal care,3,0,0,E,afternoon,1,0,0,1,0,0,1,11-03-2025,14:10,11-03-2025 14:10,Conditioner,6,Card
05ddd223-aa4c-ce07-ef25-223de8d21b3b,Not Enrolled,8.812421139,23560,2.993780389,Fashion,9,1,1,E,afternoon,1,1,1,1,1,0,1,12/17/2025,11:02,12-17-2025 11:02,Shirt/T-Shirt,9,Card
d18fadf6-114a-ae36-73d0-b80e06ef1dc6,Enrolled,11.17756436,18774,3.528201724,Fashion,1,1,1,W,morning,1,0,1,0,1,0,1,11-11-2025,08:21,11-11-2025 08:21,Footwear,13,Cash
db03788c-058f-5cdb-b40e-5a9ad086e722,Enrolled,5.258293914,1885,0.190608434,Personal care,3,3,0,W,morning,1,0,1,1,1,0,1,1/15/2026,09:10,01-15-2026 09:10,Conditioner,5,Card
cb45f15a-1002-f73f-164e-5e1021773da3,Not Enrolled,7.831694514,4914,0.554742098,Personal care,4,4,0,W,night,1,1,1,1,1,0,1,11-03-2025,21:03,11-03-2025 21:03,Conditioner,15,UPI
f28de3ba-5329-6a26-7e22-2b1d1e0a98b4,Not Enrolled,9.091206103,1514,0.290400538,Household,7,7,0,W,afternoon,1,0,1,1,1,0,1,1/18/2026,14:27,01-18-2026 14:27,Detergent,11,Cash
5a8b6884-8839-b4ef-c054-d6d20c430e82,Not Enrolled,8.544978274,2308,0.402194056,Fashion,9,9,0,W,morning,1,1,1,1,1,0,1,12-01-2025,09:29,12-01-2025 09:29,Undergarments,15,UPI
8896e705-11a9-640a-efc6-f700d6491f6a,Not Enrolled,6.340291132,930,0.269343503,Household,6,6,1,W,afternoon,1,1,1,1,1,0,1,11/16/2025,14:36,11-16-2025 14:36,Air-Freshner,7,Card
2ec33b8d-a0ec-f1c4-671e-270d930c3c82,Enrolled,6.607255835,1457,0.228263277,Household,2,2,1,W,morning,1,1,1,1,1,0,1,12/30/2025,10:37,12-30-2025 10:37,Air-Freshner,8,Card
3c3cd856-a33b-785e-65b0-c23ec7c6e563,Not Enrolled,6.684670218,1264,0.266547443,Fashion,10,7,0,W,afternoon,1,1,1,1,1,0,1,1/16/2026,13:47,01-16-2026 13:47,Undergarments,5,UPI
485e46a7-935a-aaa2-b1fc-382063a40b19,Not Enrolled,8.497377451,2637,0.608408215,Household,9,4,1,W,afternoon,1,0,1,1,1,0,1,01-02-2026,12:36,01-02-2026 12:36,Air-Freshner,10,UPI
933b9db7-60a8-919d-6a2e-03e7eeb4fb7c,Enrolled,4.29059831,130,0.004316556,Snacks/Beverages,6,6,1,W,morning,1,0,1,1,1,0,1,11/22/2025,09:15,11-22-2025 09:15,Soft-Drink,5,Cash
b8f5af53-2682-8cae-fee6-efd37af1e0a2,Enrolled,6.687103674,478,0.100355282,Personal care,6,1,0,E,evening,1,0,1,1,1,0,1,12/27/2025,18:25,12-27-2025 18:25,Shampoo,2,Cash
b2ac2701-dc46-1bc6-ca40-b7b78318f896,Not Enrolled,8.898933764,2847,0.319310041,Fashion,4,4,1,W,afternoon,1,0,1,1,1,0,1,01-05-2026,13:35,01-05-2026 13:35,Undergarments,15,Card
dadf4ad0-278a-f993-1291-1fec6ebea0d6,Not Enrolled,9.350915013,3447,1.09856637,Fashion,10,3,1,W,afternoon,1,1,1,1,1,0,1,12/22/2025,14:18,12-22-2025 14:18,Undergarments,10,Cash
ab1af14c-22eb-41d7-7e94-f14a7bb016a2,Not Enrolled,9.117067016,1734,0.178250351,Household,8,2,1,W,afternoon,1,1,1,1,1,0,1,01-02-2026,12:52,01-02-2026 12:52,Air-Freshner,12,UPI
6c034dbf-3756-a733-d856-7d509777e90e,Enrolled,1.067436643,27298,4.859525059,Fashion,4,3,1,W,afternoon,1,1,1,1,1,0,1,11/27/2025,11:02,11-27-2025 11:02,Jeans,13,Card
9c832cce-c358-ab17-4f20-7167f57ccbaf,Enrolled,1.119093774,14333,1.28447807,Fashion,1,1,1,W,afternoon,1,1,1,0,1,0,1,12-05-2025,11:09,12-05-2025 11:09,Jeans,14,Card
262c4d9c-e7be-b695-414d-43f1e1216dd6,Enrolled,4.354694139,69,3.34817E-05,Snacks/Beverages,5,2,1,W,morning,1,1,1,1,1,0,1,11-06-2025,08:55,11-06-2025 08:55,Chips/Biscuits,3,Cash
09cd8fc4-9e36-7cc0-47ec-a2dd6c360717,Enrolled,2.287345998,1336,0.2559327,Snacks/Beverages,9,3,0,W,morning,1,1,1,1,1,0,1,11/16/2025,09:53,11-16-2025 09:53,Chips/Biscuits,11,UPI
345e32b0-c183-0188-8fb5-89b4c9b4a3d3,Not Enrolled,1.828598336,947,0.199334725,Personal care,8,2,0,W,afternoon,1,1,1,1,1,0,1,01-04-2026,12:28,01-04-2026 12:28,Soap,15,Card
bb8d4464-b852-342e-be7d-dc5c3e3d63cc,Enrolled,3.191256283,9664,0.816954686,Snacks/Beverages,4,4,1,W,evening,1,1,1,1,1,0,1,12/28/2025,15:53,12-28-2025 15:53,Chocolates,15,UPI
ed1bed12-0e42-1e0a-0ba1-232f88675894,Not Enrolled,0.976151063,2611,0.682589968,Personal care,1,1,1,W,evening,0,1,1,0,1,0,1,01-05-2026,17:16,01-05-2026 17:16,Hair-Oil,13,Card
38200332-c278-40e0-9c5d-dbd712dd671c,Enrolled,4.33642654,4393,0.534009347,Fashion,3,3,1,W,evening,1,1,1,1,1,0,1,12/18/2025,15:17,12-18-2025 15:17,Shirt/T-Shirt,4,UPI
527d05d7-0f23-72b0-5474-093fcfa8a23e,Enrolled,6.368084113,2112,0.629849063,Fashion,1,1,1,S,afternoon,1,0,1,1,1,0,1,12/17/2025,11:18,12-17-2025 11:18,Undergarments,10,Card
792a8864-5849-95e3-1bc5-b4d165343c4f,Enrolled,9.139754895,859,0.096563092,Personal care,1,1,1,W,afternoon,0,1,1,1,1,0,1,1/27/2026,13:10,01-27-2026 13:10,Hair-Oil,4,UPI
32c72726-fe58-83d0-58cb-0e88c1b3cc67,Enrolled,2.275467871,2675,0.308394386,Household,3,3,0,W,afternoon,1,1,1,1,1,0,1,11/28/2025,13:16,11-28-2025 13:16,Towels,7,Cash
1ec39da4-4d40-46db-7337-17f2a6b86ae2,Not Enrolled,4.809109032,103,0.002623848,Snacks/Beverages,1,1,1,W,evening,0,0,1,1,1,0,1,11/19/2025,18:52,11-19-2025 18:52,Soft-Drink,2,Cash
fa9ad587-d142-80cd-cb08-a7948592ea15,Not Enrolled,5.460673606,3273,0.621252236,Snacks/Beverages,5,2,0,W,afternoon,1,0,1,1,1,0,1,12-04-2025,13:44,12-04-2025 13:44,Sauce/Chutney,10,UPI
8e1c832f-7376-7397-1238-f03d192bf78f,Not Enrolled,9.084106806,40493,8.844998062,Fashion,1,1,0,W,afternoon,0,1,1,1,1,0,1,12/28/2025,13:58,12-28-2025 13:58,Ethnic-Wear/Suit,8,UPI
2d72c13c-3db5-6763-c0eb-2a72d34aa2aa,Not Enrolled,4.850484566,492,0.035868559,Household,9,5,1,W,morning,1,1,1,1,1,0,1,12-04-2025,09:07,12-04-2025 09:07,Dishwasher,5,Cash
c56d01f9-956c-74e9-13f1-680b0fadc07e,Not Enrolled,9.072763006,113,0.012144241,Snacks/Beverages,5,5,1,W,afternoon,1,0,1,1,1,0,1,1/18/2026,14:29,01-18-2026 14:29,Chips/Biscuits,2,Cash
0cbb0242-5958-aff1-ffe4-825d5192ca6f,Enrolled,9.682147465,35698,6.728573692,Fashion,1,1,1,W,night,0,1,1,1,1,0,1,12/18/2025,21:17,12-18-2025 21:17,Shirt/T-Shirt,11,UPI
b7f4095d-ed89-158d-a1f9-d00a16f585c5,Enrolled,3.347995214,7063,1.454374204,Fashion,6,1,1,E,morning,1,1,1,1,1,0,1,12/27/2025,10:23,12-27-2025 10:23,Jeans,10,Card
75285bae-d7ae-da02-ba48-4d9554e0df9f,Enrolled,11.3172222,2187,0.392879896,Snacks/Beverages,6,6,0,W,evening,1,1,1,1,1,0,1,1/22/2026,17:54,01-22-2026 17:54,Chocolates,5,Card
9e9d0f0c-9be1-4fa9-1cd4-ab33d54dbbd9,Not Enrolled,4.91093003,3171,0.542079677,Fashion,9,2,1,W,night,1,1,1,1,1,0,1,1/19/2026,21:31,01-19-2026 21:31,Undergarments,13,Card
71a6784c-0217-849f-066c-e7b097f0a898,Not Enrolled,8.735618004,702,0.137641338,Personal care,4,4,1,W,morning,1,1,1,1,1,0,1,12-12-2025,08:38,12-12-2025 08:38,Shampoo,3,Card
894debfd-ae44-b4dc-d903-87f049d72046,Not Enrolled,1.816269756,2570,0.272162362,Snacks/Beverages,4,4,0,W,evening,1,1,1,1,1,0,1,11/27/2025,15:55,11-27-2025 15:55,Chocolates,14,Cash
f01fc135-4a91-9516-8073-d4f36f9afb99,Not Enrolled,9.084837714,33301,3.854372766,Fashion,5,5,0,W,morning,1,1,1,1,1,0,1,12/25/2025,09:53,12-25-2025 09:53,Footwear,15,Cash
e948dd5b-0aea-544d-9200-acab7ce3871d,Enrolled,5.527600406,22538,6.707970877,Fashion,7,7,1,W,afternoon,1,1,1,1,1,0,1,01-05-2026,14:58,01-05-2026 14:58,Footwear,13,UPI
710a18cf-2bf7-e5f7-e234-583dee9ea2bf,Not Enrolled,3.994655831,490,0.135251716,Household,2,1,0,E,afternoon,1,1,1,1,1,0,1,12/23/2025,12:23,12-23-2025 12:23,Air-Freshner,2,UPI
342771f0-d78d-9d20-029f-d9d008f7515f,Enrolled,5.514825289,8479,1.407632276,Fashion,1,1,0,W,morning,0,1,1,1,1,0,1,01-01-2026,10:47,01-01-2026 10:47,Footwear,15,UPI
3a0af6c1-d948-93bc-3ab9-3aef4aa5e7e2,Enrolled,1.074185229,3047,0.416436273,Personal care,1,1,1,W,afternoon,0,1,1,0,1,0,1,11/28/2025,13:18,11-28-2025 13:18,Hair-Oil,13,Cash
3774b876-7b69-fb26-915c-e17273b34cda,Enrolled,1.059310277,2306,0.537040617,Fashion,5,5,0,W,afternoon,1,0,1,1,1,0,1,01-04-2026,12:38,01-04-2026 12:38,Undergarments,13,UPI
62f84d8f-4066-3bab-99d9-862910e9ed10,Not Enrolled,3.749708318,423,0.062635501,Personal care,1,1,1,W,afternoon,0,1,1,0,1,0,1,11/28/2025,13:35,11-28-2025 13:35,Conditioner,1,UPI
875059b4-db19-6035-00ce-c1107164e70a,Enrolled,7.978051031,3477,0.252022425,Fashion,2,2,1,W,afternoon,1,0,1,1,1,0,1,01-07-2026,14:23,01-07-2026 14:23,Footwear,8,Card
12d33690-510e-941d-a611-4b7bc6849fc8,Enrolled,11.40041806,41686,4.538846415,Fashion,5,5,1,W,morning,1,0,1,1,1,0,1,11/23/2025,09:28,11-23-2025 09:28,Ethnic-Wear/Suit,6,UPI
d55c2545-dd16-3307-377d-5baf21111102,Enrolled,3.339930437,1899,0.474705103,Snacks/Beverages,5,5,0,W,afternoon,1,1,1,1,1,0,1,1/21/2026,13:43,01-21-2026 13:43,Chocolates,10,Cash
ada3dbf5-e2df-cbc7-72ae-b0207d108687,Not Enrolled,2.811192644,13246,3.21611688,Fashion,1,1,1,W,afternoon,1,1,1,1,1,0,1,11/30/2025,12:56,11-30-2025 12:56,Footwear,12,UPI
7b3afcaa-fc66-b4f3-e059-2ad62d2e2904,Enrolled,7.587320854,4128,0.302026072,Fashion,1,1,1,W,evening,0,0,1,1,1,0,1,1/15/2026,18:28,01-15-2026 18:28,Footwear,4,Cash
3774b876-7b69-fb26-915c-e17273b34cda,Enrolled,8.67936766,3578,0.444730144,Personal care,3,3,1,W,evening,1,1,1,1,1,0,1,12-11-2025,17:50,12-11-2025 17:50,Conditioner,14,Cash
3fa41fe7-5e6d-31ab-2055-7e2aa1594f0d,Enrolled,1.122595568,4662,0.593339067,Personal care,8,3,0,W,afternoon,1,0,1,1,1,0,1,1/29/2026,14:41,01-29-2026 14:41,Conditioner,15,Card
56bc4d2c-8b74-8fd6-cdc6-6b6fb71ad3f8,Enrolled,2.279422052,4374,1.065732178,Personal care,9,9,1,W,afternoon,1,1,1,1,1,0,1,12/13/2025,11:40,12-13-2025 11:40,Conditioner,15,Card
f5f1e861-e1ef-9b76-0c70-f38712e8d4ec,Enrolled,6.832251855,2196,0.154053036,Snacks/Beverages,5,5,1,W,evening,1,1,1,0,0,1,0,1/14/2026,15:16,01-14-2026 15:16,Sauce/Chutney,8,Cash
3fa41fe7-5e6d-31ab-2055-7e2aa1594f0d,Enrolled,5.639937773,1892,0.173353008,Personal care,10,0,0,E,evening,1,0,0,1,0,0,1,01-09-2026,15:07,01-09-2026 15:07,Toothpaste,15,Card
9e9d0f0c-9be1-4fa9-1cd4-ab33d54dbbd9,Not Enrolled,8.831519611,1294,0.345390643,Household,5,5,0,W,evening,1,1,1,1,1,0,1,01-08-2026,15:27,01-08-2026 15:27,Towels,13,Card
cfa693f1-7ffd-cb7c-e81d-374b311bf623,Not Enrolled,3.978899431,28363,3.255940144,Fashion,6,0,0,E,afternoon,1,1,0,1,0,0,1,01-04-2026,11:53,01-04-2026 11:53,Footwear,15,Cash
620ce9ab-4fe6-577e-d858-8a5e6928e978,Enrolled,4.456812658,131,0.015053645,Snacks/Beverages,6,0,0,E,evening,1,0,0,1,0,0,1,11/18/2025,16:09,11-18-2025 16:09,Sauce/Chutney,2,Card
0cbb0242-5958-aff1-ffe4-825d5192ca6f,Enrolled,4.233655986,2368,0.301387168,Personal care,3,3,1,W,morning,1,1,1,1,1,0,1,12-10-2025,09:57,12-10-2025 09:57,Conditioner,7,UPI
6a8ee107-3fbf-4d8a-ad70-b098f835686c,Not Enrolled,4.993000532,68.9,0,Snacks/Beverages,10,8,0,W,evening,1,0,1,1,1,0,1,1/18/2026,15:33,01-18-2026 15:33,Chips/Biscuits,2,Cash
205f79b7-af48-93a6-84a4-02db547a494e,Not Enrolled,9.753378185,677,0.08053006,Household,1,1,0,W,evening,0,1,1,1,1,0,1,12/27/2025,17:46,12-27-2025 17:46,Dishwasher,12,Cash
2c006ca4-5e3b-8f5a-2851-a1950cd4e999,Enrolled,3.198488614,2159,0.545678721,Snacks/Beverages,10,2,1,W,evening,1,0,1,1,1,0,1,11/28/2025,18:08,11-28-2025 18:08,Sauce/Chutney,11,Cash
3adfd155-600d-cb59-161f-8e6a50e7549c,Not Enrolled,6.56338171,1267,0.355724214,Household,10,7,0,W,evening,1,1,1,1,1,0,1,12/26/2025,17:29,12-26-2025 17:29,Insect-Repellent,8,Card
21b8b357-77b9-7821-075b-e23259d90e1c,Not Enrolled,2.725050215,666,0.173198318,Household,6,6,1,W,morning,1,1,1,1,1,0,1,11-05-2025,10:29,11-05-2025 10:29,Detergent,7,Card
310788a7-1f83-413d-d833-03acc91e5b51,Enrolled,4.559421675,902,0.144780152,Personal care,10,4,1,W,evening,1,1,1,1,1,0,1,1/27/2026,18:18,01-27-2026 18:18,Soap,9,Cash
4b34859a-1485-85f3-888e-e9b651bac895,Enrolled,1.110642906,2730,0.656037386,Snacks/Beverages,2,1,1,E,night,1,1,1,1,1,0,1,1/15/2026,19:56,01-15-2026 19:56,Sauce/Chutney,13,UPI
e2be3d9d-489d-13a4-a46c-f20fb615e5bf,Not Enrolled,8.799432224,701,0.07722655,Personal care,6,6,0,W,afternoon,1,1,1,1,1,0,1,11-07-2025,14:27,11-07-2025 14:27,Toothpaste,11,Cash
d00b14a4-8e64-a1f6-05dc-ef2f7bc53d08,Enrolled,1.050919705,628,0.081543979,Household,7,7,1,W,evening,1,1,1,1,1,0,1,11-08-2025,17:09,11-08-2025 17:09,Dishwasher,11,Cash
992f1fd7-2583-9af7-1fee-bcdfc2fa76dc,Not Enrolled,9.55840425,4476,1.356591858,Snacks/Beverages,5,3,1,W,afternoon,1,1,1,1,1,0,1,1/13/2026,11:13,01-13-2026 11:13,Chocolates,15,Card
8a37eb84-61b6-21b6-823e-f161621f5a80,Enrolled,10.60147154,404,0.023665615,Snacks/Beverages,1,1,0,W,night,1,1,1,1,1,0,1,11/22/2025,21:02,11-22-2025 21:02,Chips/Biscuits,5,UPI
c31bcf7f-c13f-e1cf-2e96-c522233da212,Not Enrolled,6.596955406,2858,0.251276626,Personal care,4,1,1,E,afternoon,1,1,1,1,1,0,1,12-09-2025,11:00,12-09-2025 11:00,Shampoo,8,Cash
c04782be-3afb-390b-ad2f-a44bb68e6aec,Enrolled,6.698101061,1458,0.170795159,Household,5,3,0,W,afternoon,1,1,1,1,1,0,1,1/19/2026,11:41,01-19-2026 11:41,Insect-Repellent,13,UPI
5ab8707d-8dee-0bc4-d173-6008b18bdfd5,Not Enrolled,5.943812631,2381,0.171686745,Snacks/Beverages,1,1,1,W,morning,0,1,1,1,1,0,1,12-03-2025,08:11,12-03-2025 08:11,Sauce/Chutney,6,UPI
a1e576dc-60ef-1415-3290-b2c5fee8e954,Not Enrolled,6.377838238,15754,1.81713646,Fashion,3,3,0,W,evening,1,1,1,1,1,0,1,12/22/2025,15:24,12-22-2025 15:24,Ethnic-Wear/Suit,2,Card
2a83f768-9476-a9b5-6cff-79b16248027c,Enrolled,2.101012317,690,0.138935311,Household,10,2,0,W,afternoon,1,0,1,1,1,0,1,01-12-2026,14:16,01-12-2026 14:16,Detergent,5,Cash
9df24836-7ccf-f1f3-a7ac-59b5a3e8e0da,Not Enrolled,9.492625104,942,0.15741483,Personal care,1,1,0,W,morning,1,0,1,1,1,0,1,12-02-2025,09:02,12-02-2025 09:02,Toothpaste,8,Card
5a67682a-c7ab-880c-d65d-2217dbfe4966,Enrolled,8.528646441,4206,1.269410051,Household,10,8,0,W,morning,1,1,1,1,1,0,1,12/17/2025,10:53,12-17-2025 10:53,Towels,15,Card
35c3c934-1a0b-3dde-2a67-bb3cf0805905,Not Enrolled,4.505676822,143,0.02123966,Snacks/Beverages,2,2,1,W,afternoon,1,0,1,1,1,0,1,11/20/2025,12:03,11-20-2025 12:03,Chocolates,1,Card
27e9a7e9-761d-2fd2-8fd1-98a045e94685,Enrolled,4.419493516,2948,0.457539804,Snacks/Beverages,3,3,1,W,evening,1,1,1,1,1,0,1,11/30/2025,17:09,11-30-2025 17:09,Ready-to-Eat-Meal,13,Cash
f643d9a4-afe3-555b-63b8-746b82889055,Not Enrolled,3.787464257,27996,3.820227241,Fashion,7,7,1,W,afternoon,1,1,1,1,1,0,1,12/17/2025,13:51,12-17-2025 13:51,Shirt/T-Shirt,7,Cash
f0c1e684-10bd-318c-4c6c-a0444b5913ab,Enrolled,11.1918952,3674,0.609579301,Personal care,4,4,1,W,morning,1,1,1,1,1,0,1,11/21/2025,10:38,11-21-2025 10:38,Conditioner,11,Card
76d17d95-b158-4b19-8d84-869695af2348,Not Enrolled,0.905630328,174,0.023714769,Personal care,1,1,1,W,evening,1,1,1,0,0,1,0,12/28/2025,18:09,12-28-2025 18:09,Toothpaste,2,Card
ffb01129-bbac-5d41-2066-c8d91b5b632a,Not Enrolled,6.383172541,67427,9.370383813,Fashion,1,0,0,S,afternoon,1,0,0,1,0,0,1,11-11-2025,12:13,11-11-2025 12:13,Ethnic-Wear/Suit,12,UPI
4267f6b7-751f-6028-3458-ea1f2bb79c45,Not Enrolled,2.735257874,303,0.054950452,Personal care,3,3,0,W,afternoon,1,1,1,1,1,0,1,01-08-2026,11:48,01-08-2026 11:48,Shampoo,1,UPI
bd4cc422-88e5-7ce7-d8c3-b2fe5dec948a,Not Enrolled,2.894763091,31906,5.63734426,Fashion,1,1,1,W,evening,0,0,1,0,0,1,0,11/23/2025,16:18,11-23-2025 16:18,Ethnic-Wear/Suit,11,Cash
e2be3d9d-489d-13a4-a46c-f20fb615e5bf,Not Enrolled,8.771440391,1853,0.384240862,Fashion,6,4,1,W,morning,1,1,1,1,1,0,1,1/13/2026,08:48,01-13-2026 08:48,Undergarments,6,UPI
517aa0c9-6577-ffaf-e276-5434fb52e6de,Not Enrolled,8.625031889,1571,0.276749915,Personal care,2,2,1,W,morning,1,0,1,1,1,0,1,11-06-2025,10:50,11-06-2025 10:50,Hair-Oil,6,Card
3774b876-7b69-fb26-915c-e17273b34cda,Enrolled,4.460784504,46823,6.835569649,Fashion,5,5,1,W,afternoon,1,1,1,0,0,1,0,1/28/2026,11:51,01-28-2026 11:51,Ethnic-Wear/Suit,10,Card
ea609d52-519f-9671-dfb6-804667659b6f,Enrolled,7.506988517,222,0.049269794,Snacks/Beverages,6,3,1,W,afternoon,1,0,1,1,1,0,1,12/15/2025,12:17,12-15-2025 12:17,Soft-Drink,7,Cash
b82bf9a9-272a-4f9d-8f91-12ae669c562a,Enrolled,7.848525455,2711,0.719122329,Snacks/Beverages,1,1,0,W,morning,0,1,1,0,1,0,1,11-03-2025,08:26,11-03-2025 08:26,Ready-to-Eat-Meal,11,Cash
5cef3375-1d69-29a4-1852-24701de624a4,Not Enrolled,1.99243451,2430,0.247337199,Snacks/Beverages,7,7,1,W,morning,1,1,1,1,1,0,1,11/19/2025,09:37,11-19-2025 09:37,Ready-to-Eat-Meal,9,Cash
3fabe27a-e976-852a-276a-b860bd98b0f1,Enrolled,6.442349452,943,0.26252406,Personal care,5,5,1,W,night,1,1,1,1,1,0,1,1/18/2026,19:40,01-18-2026 19:40,Hair-Oil,4,Card
ee63ba96-8dae-4485-1971-cb4553ae678b,Not Enrolled,6.562409406,394,0.064375841,Personal care,5,3,1,W,morning,1,0,1,0,0,1,0,12-09-2025,10:31,12-09-2025 10:31,Hair-Oil,2,UPI
35c3c934-1a0b-3dde-2a67-bb3cf0805905,Not Enrolled,0.928571209,849,0.239756467,Personal care,2,2,1,W,morning,1,1,1,1,1,0,1,1/28/2026,08:30,01-28-2026 08:30,Toothpaste,4,UPI
caeb827a-7a23-520d-d762-defd5068c7ca,Enrolled,7.577779789,2794,0.768238926,Household,5,5,1,W,afternoon,1,0,1,1,1,0,1,12-09-2025,14:13,12-09-2025 14:13,Towels,12,Card
8a37eb84-61b6-21b6-823e-f161621f5a80,Enrolled,8.997193124,1432,0.247145824,Household,6,6,1,W,morning,1,0,1,1,1,0,1,1/29/2026,09:19,01-29-2026 09:19,Detergent,13,Cash
81d63053-1145-230e-1894-59d10cb62111,Enrolled,10.03466961,1236,0.085390606,Snacks/Beverages,5,4,1,W,evening,1,0,1,1,1,0,1,01-04-2026,16:15,01-04-2026 16:15,Soft-Drink,14,UPI
bfe44905-b3fd-63aa-7126-13ba1f0febcc,Enrolled,6.809534046,1263,0.166311556,Personal care,9,6,0,W,evening,1,1,1,1,1,0,1,01-06-2026,16:20,01-06-2026 16:20,Shampoo,6,UPI
c8e183e3-4104-2dbe-a563-7353b3704a04,Enrolled,5.578806446,4029,0.841812068,Personal care,1,1,1,W,afternoon,0,1,1,0,1,0,1,11-12-2025,12:30,11-12-2025 12:30,Conditioner,12,UPI
73cfc881-84ec-8e62-6d0a-bbb10fe5b33d,Enrolled,2.213661721,29669,7.022204359,Fashion,6,6,1,W,evening,1,1,1,1,1,0,1,01-05-2026,17:49,01-05-2026 17:49,Shirt/T-Shirt,11,UPI
05ddd223-aa4c-ce07-ef25-223de8d21b3b,Not Enrolled,4.934299564,65137,8.874016801,Fashion,0,0,0,S,afternoon,0,0,0,0,0,1,0,11/29/2025,14:04,11-29-2025 14:04,Ethnic-Wear/Suit,10,Card
b17bddd5-2f3b-7137-c48b-352f408562e3,Not Enrolled,2.767078752,654,0.061173241,Household,2,2,0,W,evening,1,1,1,1,1,0,1,11/26/2025,16:22,11-26-2025 16:22,Insect-Repellent,6,Card
fa96a67e-eff5-d80e-9922-73717e56d0de,Enrolled,4.237469907,3804,1.088149295,Snacks/Beverages,5,5,1,W,morning,1,1,1,1,1,0,1,1/22/2026,09:53,01-22-2026 09:53,Chocolates,12,UPI
7de71ad5-b126-9ce2-5593-f62a02e4105a,Enrolled,8.694172642,1654,0.525409335,Household,3,3,1,W,afternoon,1,0,1,1,1,0,1,11/27/2025,12:47,11-27-2025 12:47,Detergent,14,Card
730fab3c-07f7-9413-5073-b54a2b1755be,Enrolled,3.22956071,227,0.032930976,Personal care,6,4,1,W,evening,1,1,1,1,1,0,1,11/19/2025,17:18,11-19-2025 17:18,Toothpaste,3,Card
12d1222e-8b11-a077-b759-70382fae6e75,Enrolled,5.371994822,983,0.103504782,Household,4,0,0,E,afternoon,1,0,0,1,0,0,1,1/23/2026,12:51,01-23-2026 12:51,Air-Freshner,7,UPI
e3da7baa-3de8-edf0-34e5-c33e8fd50919,Enrolled,1.147301055,3272,0.449242726,Personal care,6,0,0,E,afternoon,1,1,0,1,0,0,1,11/30/2025,11:40,11-30-2025 11:40,Shampoo,10,Card
a1672bbf-809f-8acb-8cc5-7a8ed8a55876,Enrolled,7.625168407,1849,0.128291022,Fashion,9,3,1,W,morning,1,1,1,1,1,0,1,01-04-2026,10:03,01-04-2026 10:03,Undergarments,8,Card
be7ea6b6-c613-ba84-1d45-5b2d5ffc5463,Not Enrolled,9.963222539,458,0.121649442,Personal care,6,6,1,W,evening,1,0,1,1,1,0,1,1/22/2026,17:52,01-22-2026 17:52,Soap,5,UPI
d941a30a-71fe-c8d3-6ad1-cc03fd0943dc,Enrolled,1.139204656,264,0.019266182,Personal care,5,4,1,W,afternoon,1,0,1,1,1,0,1,01-08-2026,12:46,01-08-2026 12:46,Hair-Oil,1,Card
76fcdaa6-f247-87af-b85e-ce588941641c,Enrolled,5.565569313,452,0.085025287,Snacks/Beverages,9,3,1,W,night,1,1,1,1,1,0,1,01-04-2026,21:50,01-04-2026 21:50,Sauce/Chutney,1,Card
c50445eb-5303-cae3-a7b4-eae684351b6f,Not Enrolled,9.012154475,1367,0.182671014,Personal care,5,3,1,W,evening,1,1,1,1,1,0,1,11/24/2025,15:18,11-24-2025 15:18,Toothpaste,7,UPI
e73596c9-36dd-e13f-f8c2-c3b16db20955,Enrolled,11.2948113,1644,0.340129859,Snacks/Beverages,8,0,0,E,afternoon,1,1,1,1,0,0,1,1/24/2026,11:10,01-24-2026 11:10,Chocolates,14,Cash
6d0b002c-bf05-4c60-f171-21f3a82cc852,"Timsi Malhotra""",5.981927296,68.9,0,Enrolled,2,2,1,W,afternoon,1,0,1,1,1,0,1,1/14/2026,14:58,01-14-2026 14:58,Household,159,Cash
5a67682a-c7ab-880c-d65d-2217dbfe4966,Enrolled,8.802109674,2856,0.80808474,Snacks/Beverages,6,6,1,W,evening,1,1,1,1,1,0,1,12-06-2025,16:39,12-06-2025 16:39,Ready-to-Eat-Meal,13,Cash
c19f24cc-7076-dffb-f97c-8940a6e71bf4,Enrolled,8.861523108,2053,0.243172171,Snacks/Beverages,8,5,1,W,afternoon,1,0,1,1,1,0,1,12/22/2025,11:46,12-22-2025 11:46,Ready-to-Eat-Meal,9,UPI
76d17d95-b158-4b19-8d84-869695af2348,Not Enrolled,3.617263965,1935,0.130783489,Personal care,9,6,0,W,afternoon,1,1,1,1,1,0,1,1/25/2026,14:43,01-25-2026 14:43,Hair-Oil,9,Cash
09e313c1-f8c3-a638-b1dd-dc84029b7eb3,Not Enrolled,3.956457245,14327,1.481251128,Fashion,1,1,1,W,morning,1,1,1,0,0,1,0,02-01-2026,10:16,02-01-2026 10:16,Jeans,8,Cash
38200332-c278-40e0-9c5d-dbd712dd671c,Enrolled,4.397007078,1178,0.342499565,Snacks/Beverages,9,5,1,W,afternoon,1,1,1,1,1,0,1,01-06-2026,11:04,01-06-2026 11:04,Ready-to-Eat-Meal,6,Card
bd6af10d-12be-62cf-7327-23f34cb1aacf,Enrolled,1.069524299,540,0.142174392,Household,3,3,1,W,afternoon,1,0,1,1,1,0,1,12-10-2025,14:01,12-10-2025 14:01,Dishwasher,8,Card
386264a4-1f29-4fa1-82dc-7d4b9bb7879e,Enrolled,10.1002069,1168,0.250101802,Household,1,1,0,W,evening,1,1,1,1,1,0,1,1/20/2026,17:43,01-20-2026 17:43,Insect-Repellent,11,Card
93fd2d2e-5f76-ba82-f6f7-37305141fce4,Enrolled,3.234231709,2333,0.517086227,Personal care,8,4,1,W,evening,1,0,1,1,1,0,1,11/25/2025,18:43,11-25-2025 18:43,Toothpaste,9,Card
4377fd5f-d7fc-ba72-9b63-86d1d7bad139,Not Enrolled,5.716620665,286,0.053343654,Household,1,1,1,W,morning,0,1,1,1,1,0,1,11/26/2025,09:34,11-26-2025 09:34,Dishwasher,3,UPI
d40b170d-15f9-6561-537e-fe1efca2d25a,Not Enrolled,8.993668317,1609,0.175914453,Personal care,1,1,1,W,morning,1,1,1,0,1,0,1,12/18/2025,08:22,12-18-2025 08:22,Conditioner,4,Card
2dee3b53-3b0a-686d-b9e8-8c74a28a0b52,Enrolled,10.52431597,2776,0.846438462,Personal care,9,1,1,E,morning,1,1,1,1,1,0,1,1/19/2026,08:56,01-19-2026 08:56,Shampoo,15,Cash
d4d580eb-3b28-c240-3030-0793d4ecb960,Enrolled,5.572736148,1683,0.289862477,Household,7,3,1,W,evening,1,1,1,1,1,0,1,11/28/2025,16:33,11-28-2025 16:33,Detergent,12,Cash
1a00ba32-6daf-4660-271e-70b3167c6817,Enrolled,10.67711068,1537,0.249596689,Personal care,1,1,1,W,morning,0,1,1,1,1,0,1,12-09-2025,09:18,12-09-2025 09:18,Hair-Oil,9,Cash
7b52e674-be44-3368-67fa-180bc6c34ec7,Enrolled,1.144045858,3885,0.787923487,Personal care,3,0,0,E,night,1,1,0,1,0,0,1,11/13/2025,19:59,11-13-2025 19:59,Shampoo,13,Card
dbb2f6da-3d92-7146-90e4-9b9620a83f2d,Not Enrolled,2.722138969,633,0.044982876,Household,6,6,1,W,night,1,1,1,1,1,0,1,12/22/2025,21:14,12-22-2025 21:14,Detergent,4,Cash
8aaada5f-cb32-f0fe-b7b4-6088191b3691,Not Enrolled,8.598468856,182,0.012642591,Household,1,1,1,W,afternoon,1,0,1,0,1,0,1,1/20/2026,12:50,01-20-2026 12:50,Detergent,1,Cash
1c7aa506-521e-3801-e115-afe57ff02dcc,Not Enrolled,1.993860507,21123,5.585895939,Fashion,9,5,1,W,evening,1,1,1,1,1,0,1,11/30/2025,18:46,11-30-2025 18:46,Jeans,10,UPI
f01fc135-4a91-9516-8073-d4f36f9afb99,Not Enrolled,4.761548922,2366,0.20527966,Household,4,4,1,W,night,1,1,1,1,1,0,1,01-09-2026,20:43,01-09-2026 20:43,Air-Freshner,12,UPI
00a0c234-85b1-f98d-55ca-b111738f190c,Enrolled,1.145392858,1948,0.430487752,Fashion,10,5,1,W,afternoon,1,1,1,1,1,0,1,11-04-2025,14:32,11-04-2025 14:32,Shirt/T-Shirt,2,Card
7352da0c-681c-a0e3-a48f-81db30d19ed3,Enrolled,10.27337795,768,0.09298976,Personal care,1,1,1,W,morning,1,1,1,1,1,0,1,11-07-2025,09:19,11-07-2025 09:19,Hair-Oil,4,Cash
8c6b0c26-6b78-603b-5801-edfc0ddbf599,Not Enrolled,2.888819591,403,0.057353858,Snacks/Beverages,1,1,0,W,evening,0,1,1,0,1,0,1,12-10-2025,18:21,12-10-2025 18:21,Soft-Drink,12,UPI
4927620e-e425-dcfb-7b92-d220e37d159a,Enrolled,4.34806348,3130,0.442796197,Fashion,10,7,1,W,afternoon,1,0,1,1,1,0,1,1/22/2026,11:09,01-22-2026 11:09,Footwear,2,UPI
8ae0a939-1b0c-3afc-ad93-24dce4f983a2,Enrolled,3.154636985,2086,0.32805743,Personal care,1,1,0,W,evening,0,1,1,1,1,0,1,1/23/2026,15:46,01-23-2026 15:46,Shampoo,6,UPI
b2b75513-02c2-63d7-28ff-017dab963b58,Enrolled,10.28548671,3596,0.917796848,Snacks/Beverages,6,3,1,W,morning,1,1,1,1,1,0,1,12/13/2025,09:34,12-13-2025 09:34,Ready-to-Eat-Meal,15,UPI
6acdd699-0c0c-6470-abfa-d9aade4494ce,Not Enrolled,2.908724607,419,0.051435208,Personal care,5,3,0,W,afternoon,1,1,1,1,1,0,1,01-07-2026,12:11,01-07-2026 12:11,Hair-Oil,2,UPI
73cfc881-84ec-8e62-6d0a-bbb10fe5b33d,Enrolled,9.835365733,1291,0.267914764,Snacks/Beverages,10,10,1,W,evening,1,1,1,1,1,0,1,11-08-2025,15:40,11-08-2025 15:40,Sauce/Chutney,7,Card
93bbd8e5-1074-5374-67e4-81ce6e85a91b,Not Enrolled,4.727270532,383,0.061237739,Fashion,8,3,1,W,evening,1,1,1,1,1,0,1,01-02-2026,16:27,01-02-2026 16:27,Undergarments,3,Cash
4c9c38ff-9464-824e-eade-906902c2281c,Not Enrolled,9.62755808,3386,0.813828551,Household,4,4,1,W,afternoon,1,1,1,1,1,0,1,12/17/2025,11:47,12-17-2025 11:47,Air-Freshner,15,Card
a054068d-3f02-d95a-f6db-7681b523632b,Enrolled,11.46665482,647,0.184236565,Household,1,1,1,W,morning,0,0,1,1,1,0,1,01-05-2026,10:55,01-05-2026 10:55,Insect-Repellent,8,Card
3fce2dd6-027f-7523-9a50-c76efcf3814a,Not Enrolled,0.958431431,891,0.216906973,Household,7,1,0,E,morning,1,1,1,1,1,0,1,01-12-2026,08:15,01-12-2026 08:15,Detergent,10,Cash
b1196b7d-eaf2-a981-b766-02276f83892d,Enrolled,2.292723995,31403,3.912000741,Fashion,8,2,0,W,afternoon,1,1,1,0,0,1,0,12/28/2025,13:54,12-28-2025 13:54,Shirt/T-Shirt,12,UPI
5bfa449e-5df5-7489-42d6-149aba3d84e0,Not Enrolled,1.980231602,3319,0.245397668,Personal care,4,4,0,W,morning,1,0,1,1,1,0,1,12-08-2025,08:38,12-08-2025 08:38,Conditioner,10,Cash
49546bdf-82c9-b069-9080-142c322d5106,Enrolled,3.405902837,3099,0.416807259,Snacks/Beverages,4,4,1,W,morning,1,1,1,1,1,0,1,12/15/2025,10:41,12-15-2025 10:41,Sauce/Chutney,15,UPI
aade6fbc-76d6-4cba-0709-5de8bd356bde,Enrolled,1.079444889,405,0.076269291,Snacks/Beverages,9,5,1,W,afternoon,1,1,1,1,1,0,1,11-08-2025,13:44,11-08-2025 13:44,Chocolates,2,Card
ca5d1fea-8ccb-2306-99ed-44c8724aecb0,Enrolled,7.61956841,2999,0.237163211,Snacks/Beverages,5,2,0,W,night,1,0,1,1,1,0,1,12/16/2025,20:09,12-16-2025 20:09,Chocolates,6,Card
53ca186e-3516-63f3-a8c2-0c68d9cc9e81,Enrolled,4.540454669,14315,2.855172934,Fashion,4,2,0,W,afternoon,1,1,1,1,1,0,1,01-05-2026,13:27,01-05-2026 13:27,Footwear,7,Cash
6d0b002c-bf05-4c60-f171-21f3a82cc852,"Timsi Malhotra""",3.618178552,68.9,0,Enrolled,5,0,0,E,afternoon,1,0,0,1,0,0,1,12-01-2025,12:07,12-01-2025 12:07,Personal care,101,UPI
f21fcb79-ab54-0e3d-895d-9b28a10fc0d8,Not Enrolled,9.28096319,345,0.043315669,Snacks/Beverages,4,4,0,W,afternoon,1,0,1,1,1,0,1,12/31/2025,13:41,12-31-2025 13:41,Chips/Biscuits,5,UPI
a09b1936-ab12-328d-91bf-b6b27054a737,Not Enrolled,0.995041148,68.9,0,Household,1,1,1,W,afternoon,0,1,1,1,1,0,1,12/24/2025,13:42,12-24-2025 13:42,Towels,1,Card
28d54edc-55b4-7944-e8c5-0b0644aa0053,Not Enrolled,5.93415827,13773,1.31224271,Fashion,8,6,0,W,evening,1,1,1,1,1,0,1,11/20/2025,18:38,11-20-2025 18:38,Shirt/T-Shirt,12,Card
f8d6694b-3822-dc08-77a5-107f65415a9c,Not Enrolled,5.673394052,2664,0.226571862,Personal care,8,1,1,E,evening,1,0,1,1,1,0,1,12-09-2025,16:11,12-09-2025 16:11,Toothpaste,13,UPI
6ebd835e-1beb-0fb7-1473-7ec3a1a18dc2,Not Enrolled,7.696106078,192,0.032334426,Snacks/Beverages,3,2,0,W,morning,1,1,1,1,1,0,1,12-05-2025,08:14,12-05-2025 08:14,Chips/Biscuits,7,UPI
67efc9ef-f30d-0be1-f656-1df017bea5f6,Not Enrolled,5.56642871,74537,14.90724196,Fashion,3,2,0,W,morning,1,1,1,1,1,0,1,11/23/2025,08:02,11-23-2025 08:02,Ethnic-Wear/Suit,11,Card
9058fae4-d280-7aeb-3c6d-6c69326e431c,Enrolled,10.81692201,135,0.016656165,Snacks/Beverages,7,1,1,E,afternoon,1,0,1,1,1,0,1,1/19/2026,12:31,01-19-2026 12:31,Soft-Drink,7,Cash
b8b5c6c4-2b63-32e2-7083-298a4853f98f,Not Enrolled,5.512872696,1556,0.273467488,Personal care,1,1,1,W,evening,0,1,1,1,1,0,1,1/15/2026,18:47,01-15-2026 18:47,Toothpaste,7,UPI
80994888-c964-c9e4-67fa-d93879ddc844,Enrolled,3.200847824,4184,0.548527472,Personal care,2,2,1,W,evening,1,0,1,1,1,0,1,11-11-2025,18:26,11-11-2025 18:26,Shampoo,10,UPI
09cd8fc4-9e36-7cc0-47ec-a2dd6c360717,Enrolled,7.739760884,783,0.205004192,Snacks/Beverages,5,2,1,W,afternoon,1,1,1,1,1,0,1,1/25/2026,11:07,01-25-2026 11:07,Sauce/Chutney,2,UPI
f4c6bcce-a133-6a3d-c6bb-b5a54bcc7fdb,Not Enrolled,8.517328564,2866,0.788206593,Personal care,3,3,1,W,afternoon,1,0,1,1,1,0,1,12-06-2025,14:45,12-06-2025 14:45,Hair-Oil,12,UPI
527d05d7-0f23-72b0-5474-093fcfa8a23e,Enrolled,9.148923819,5389,1.349573454,Fashion,5,5,1,W,morning,1,0,1,1,1,0,1,1/25/2026,10:36,01-25-2026 10:36,Ethnic-Wear/Suit,1,Cash
57f6e124-3233-69af-8634-800ac9a2e400,Enrolled,8.956823837,2029,0.274823524,Household,9,6,0,W,afternoon,1,0,1,1,1,0,1,11/22/2025,11:38,11-22-2025 11:38,Detergent,15,Cash
050a1d85-7eeb-c472-7691-90b9b68841e2,Not Enrolled,8.418017005,339,0.060940716,Snacks/Beverages,10,6,1,W,morning,1,1,1,1,1,0,1,1/16/2026,08:56,01-16-2026 08:56,Soft-Drink,3,UPI
e3a499a0-2e4e-e134-ffa7-202a9fec549a,Not Enrolled,0.958365611,2928,0.469068684,Personal care,10,10,0,W,morning,1,1,1,1,1,0,1,12/25/2025,10:45,12-25-2025 10:45,Hair-Oil,14,Cash
c56d01f9-956c-74e9-13f1-680b0fadc07e,Not Enrolled,4.538867318,1460,0.127596235,Personal care,1,1,1,W,evening,1,1,1,1,1,0,1,12/27/2025,15:00,12-27-2025 15:00,Conditioner,6,Cash
fa96a67e-eff5-d80e-9922-73717e56d0de,Enrolled,4.428024468,4930,1.523724778,Household,1,1,1,W,morning,0,1,1,1,1,0,1,12/22/2025,10:02,12-22-2025 10:02,Towels,12,Card
0373fc0d-41cc-aff6-73e2-010437a5e538,Not Enrolled,9.974394808,1415,0.139819951,Snacks/Beverages,4,0,0,E,night,1,1,0,1,0,0,1,11/29/2025,21:54,11-29-2025 21:54,Chocolates,10,Card
e81b5328-49f6-2ebf-7c6a-1e6a55abda8b,Not Enrolled,4.993105372,19728,6.336000589,Fashion,1,1,0,W,afternoon,0,0,1,0,1,0,1,12/18/2025,12:55,12-18-2025 12:55,Shirt/T-Shirt,9,UPI
b4cf4446-ebb4-a5f6-43ce-91c83898b4a4,Enrolled,6.358305896,112,0.008055167,Snacks/Beverages,7,6,1,W,morning,1,0,1,1,1,0,1,1/18/2026,08:13,01-18-2026 08:13,Chips/Biscuits,2,Cash
